year;landmark_id;month;session;utme;utmn;clan
2016;DOC_Den_2;11;97332.1;747700;9837031;talek
2008;Disappointment_Den;06;s0.26;721449;9846717;happyzebra
2008;Alumni_Den;07;s0.59;718903;9833540;happyzebra
2013;Schiphol_Den;07;s10004;723441;9844921;serenan
2013;Grits_Den;07;s10010;724180;9846138;serenan
2013;Benedict_Den;07;s10030;723973;9846252;serenan
2010;Rocky_Point_Den;03;s1007;716191;9842646;happyzebra
2013;Bordello_Den;07;s10087.1;721485;9847576;serenan
2013;Flapjack_Den;07;s10106;724252;9846273;serenan
2013;Stanky_Watering_Hole;07;s10112;721834;9847328;serenan
2013;Mindy's_Den;07;s10118;721772;9847129;serenan
2013;DeGaulle_Den;07;s10166;723652;9844975;serenan
2013;Holy_Grail_Den;07;s10181;719087;9840152;happyzebra
2013;National_Cornchip_Day_Den;02;s10287;720449;9847591;serenan
2008;Holy_Grail_Den;08;s103;719087;9840152;happyzebra
2013;Lalalugga;06;s10711;724043;9846510;serenan
2010;Texarkana_Den;06;s1079;716373;9842739;happyzebra
2019;Ollivander's_Den;04;s108994;719224;9848877;serenan
2019;All_Hallows'_Eve_Den;04;s108995;720265;9848034;serenan
2019;DeGaulle_Den;04;s109013;723652;9844975;serenan
2013;Kruuk's_Culvert;08;s10916.3;724529;9846377;serenan
2013;The_Grotto;08;s10916.3;723715;9846490;serenan
2019;Lugga_Den_II;04;s109277;718642;9844590;happyzebra
2019;Wapi_Dave_Den;04;s109279;714577;9847556;happyzebra
2019;Lugga_Den;05;s109325;718649;9844548;happyzebra
2019;Runway_Den_3;08;s109447;723190;9844517;serenan
2019;Runway_Den;08;s109493;723060;9844579;serenan
2019;Airfield;09;s109541;723651;9844648;serenan
2019;Snowbird_Den;07;s109635;725146;9840846;serenas
2019;Dawn_Den;08;s109691;725153;9840668;serenas
2019;Dawn_Den_2;09;s109710;725266;9840651;serenas
2019;Foggy_Den;09;s109764;724958;9840745;serenas
2019;Armani_Den;09;s109934;715027;9847714;happyzebra
2019;Lilac_Breasted_Roller_Den;09;s109976;714856;9847447;happyzebra
2019;Foxy_Ditch_With_a_B;10;s110050;722517;9844773;serenan
2019;Oceanic_Den;10;s110184;725466;9841032;serenas
2019;Big_Sky_Den;10;s110197;725670;9841131;serenas
2019;Dudu_Den;10;s110224;725634;9840969;serenas
2019;Dudu_Den_2;10;s110242;725661;9841009;serenas
2019;Big_Bush_Communal_Den;11;s110272;748061;9838502;serenas
2019;Hanging_Gardens_Den;11;s110276;724783;9841530;serenas
2019;Library_of_Alexandria_Den;11;s110280;724889;9841438;serenas
2019;Jalapeno_Den;10;s110333;718268;9844620;happyzebra
2019;Super_Conspicuous_Bush;10;s110333;718541;9844712;happyzebra
2019;Challah_Den;10;s110363;717707;9844717;happyzebra
2019;Sleepy_Den;10;s110368;731627;9840990;happyzebra
2019;Nogales_Den;10;s110372;716267;9842643;happyzebra
2019;Innocent_Den;10;s110374;717831;9844399;happyzebra
2019;Hullabaloo_Den_2;10;s110398;716585;9843403;happyzebra
2019;Metropolitan_Tree;11;s110408;716285;9842750;happyzebra
2019;Tijuana_Den;11;s110464;716446;9842598;happyzebra
2020;Runway_Den;01;s110474;723060;9844579;serenan
2020;Runway_Den_4;02;s110587;723175;9844446;serenan
2020;Twix_Den_2;01;s110742;726354;9842516;serenas
2020;Suzi_Den_III;01;s110748;726324;9842426;serenas
2020;Love_Shack_Mound;01;s110755;726404;9842532;serenas
2013;Biscuits_n'_Gravy_Den;09;s11076;722792;9845795;serenan
2020;Guava_Den;03;s110963;725917;9842387;serenas
2020;Tijuana_Den;01;s110973;716446;9842598;happyzebra
2013;Muffin_Den;11;s11243;723990;9845939;serenan
2013;Boo_Tree;11;s11243;722656;9846214;serenan
2013;Unremarkable_Tree;11;s11243;722867;9847182;serenan
2013;IAT_Den;12;s11327;718355;9849119;serenan
2013;J_Fab_Den;12;s11374;718389;9849092;serenan
2013;The_Hatch_Den;01;s11408;727333;9840695;serenas
2013;Casino_X;01;s11438;727028;9841002;serenas
2021;Runway_Den;02;s114448;723060;9844579;serenan
2020;Runway_Den_3;08;s114463.1;723190;9844517;serenan
2021;Circe_Den;02;s114625;724870;9840956;serenas
2021;Hanging_Gardens_Den;03;s114678;724783;9841530;serenas
2013;The_Staff_Den;02;s11487;727253;9840510;serenas
2021;Burning_Den;04;s114906;721298;9846439;serenan
2021;Superstar_Den;05;s115145;724855;9840062;serenas
2013;Lighthouse_Den;02;s11515;727206;9840510;serenan
2021;Superstar_Den_2;05;s115169;724791;9840072;serenas
2013;Def_Leppard_Crossing;02;s11535;727558;9840214;serenas
2021;Eyrie_Den;06;s115413;718933;9843943;happyzebra
2021;Eyrie_Den_2;06;s115419;718888;9843911;happyzebra
2021;Superstar_Den_3;08;s115488;724828;9840099;serenas
2021;Nchoko_Den;10;s115549;724749;9839441;serenas
2021;Nchoko_Den_2;10;s115559;724689;9839404;serenas
2021;Lone_Elephant_Den;12;s115597;724765;9839596;serenas
2021;Lone_Elephant_Den2;12;s115605;724875;9839737;serenas
2022;Lone_Elephant_Den2;01;s115612;724875;9839737;serenas
2022;Lone_Elephant_Den_3;01;s115617;724854;9839665;serenas
2022;Lone_Elephant_Den_4;03;s115646;724824;9839786;serenas
2022;Dawn_Den;05;s115680.1;725153;9840668;serenas
2022;Dawn_Den_2;07;s115771;725266;9840651;serenas
2022;Lone_Elephant_Den;08;s115804;724765;9839596;serenas
2022;Superstar_Den_2;09;s115842;724791;9840072;serenas
2022;Lugga_Den_III;04;s115893;718592;9844639;happyzebra
2022;Lugga_Den_II;04;s115898;718642;9844590;happyzebra
2022;Lugga_Den_4;04;s115898;718622;9844671;happyzebra
2022;Lugga_Den;05;s115904;718649;9844548;happyzebra
2022;Buffalo_Den;06;s115920;719627;9837833;happyzebra
2022;Buffalo_Crossing;06;s115925;752924;9837404;happyzebra
2022;Saito's_Den_2;10;S115955;724929;9840470;serenas
2022;Mars_Den;10;S116000;723417;9840596;serenas
2022;Saito's_Den;10;S116002;725054;9840520;serenas
2022;Crunk_D4;10;S116263;718328;9849289;serenan
2022;Crunk_Den_8;10;S116263;718181;9849203;serenan
2022;J_Fab_Den;10;S116273;718389;9849092;serenan
2022;Diagon_Alley_Den_II;11;S116301;717981;9849311;serenan
2022;Crunk_D3;12;S116328;718332;9849272;serenan
2022;Wapi_Dave_Den;10;S116352;714577;9847556;happyzebra
2023;Big_Sky_Den_2;01;s116506;725618;9841109;serenas
2023;Dudu_Den;01;s116540;725634;9840969;serenas
2023;Big_Sky_Den;01;s116713.1;725670;9841131;serenas
2023;Big_Bush_Communal_Den;01;s116798;748061;9838502;serenas
2023;Bird_Bath_Den;02;s116940;725337;9841541;serenas
2023;Lonely_Tube;03;s116978;725158;9841224;serenas
2023;Crunk_D4;01;s117074;718328;9849289;serenan
2023;Changra_Den;01;s117075;718635;9849330;serenan
2023;Wild_Berry_Den;01;s117099;718776;9849282;serenan
2023;Judith_Den;01;s117124;718861;9849286;serenan
2023;Ollivander's_Den;02;s117167;719224;9848877;serenan
2023;The_Burrow_Den;03;s117271;719609;9848844;serenan
2023;Migration_Den_3;01;s117299;719817;9837650;happyzebra
2023;Migration_Den;01;s117317;719721;9937675;happyzebra
2023;Coincidence_Den_2;01;s117339.1;719576;9837606;happyzebra
2023;Coincidence_D;01;s117340;719522;9837495;happyzebra
2023;Migration_Den_4;02;s117374;719680;9837699;happyzebra
2023;Migration_Den_5;02;s117374;719569;9837708;happyzebra
2010;Grand_Theft_Auto_Den;09;s1174;717033;9844406;happyzebra
2010;Arson_Den;09;s1183;717309;9844189;happyzebra
2013;Bellagio_ND;09;s11911;726391;9840882;serenas
2010;Homicide_Den;10;s1198;717090;9844193;happyzebra
2013;FML_Den;11;s11985;725171;9841252;serenas
2010;Vandalism_Den;10;s1200;717253;9844123;happyzebra
2013;Rousseau_Den;12;s12140;725441;9840912;serenas
2013;Windsor_Den;01;s12154;716432;9842596;happyzebra
2013;Amazon_Den;03;s12211;719656;9838561;happyzebra
2010;Larceny_Den;10;s1222;717242;9843722;happyzebra
2013;Gettysburg_Den;07;s12381;719322;9840190;happyzebra
2013;LBJ_X;07;s12391;720116;9840087;happyzebra
2013;Schmuzty_Den;07;s12403;720201;9839904;happyzebra
2013;Schmuck_Den;08;s12433;720374;9839933;happyzebra
2013;Oy_Vey_Den;08;s12464;721091;9840261;happyzebra
2013;Mashugana_Den;09;s12477;721208;9840487;happyzebra
2013;Mashugana_Den_II;09;s12479;721189;9840596;happyzebra
2013;Bubula_Den;10;s12493;720534;9840559;happyzebra
2010;Gila_River_Den_II;11;s1251;716426;9843696;happyzebra
2010;Gila_River_Den;12;s1270;716307;9843668;happyzebra
2010;Gila_River_Den_III;12;s1278;716452;9843748;happyzebra
2014;Tigris_Den;03;s12794;719693;9838330;happyzebra
2014;Serena_Maji_Fisi;09;s13048;719330;9838487;happyzebra
2014;Inselberg_View;09;s13048;717041;9838432;happyzebra
2014;Goliath_Heron_Den;09;s13048;717110;9838860;happyzebra
2014;Cannibal_Cami_Den;09;s13059.1;718608;9836934;happyzebra
2014;Whooping_Cami_Den;10;s13069;718655;9836894;happyzebra
2008;Airstrip_Den;07;s1325;723463;9844931;serenan
2014;Schiphol_Den;02;s13301;723441;9844921;serenan
2008;Redemption_Den;07;s1337;722500;9844773;serenan
2008;Holy_Grail_Den_II;09;s134;718859;9840103;happyzebra
2014;Lalalugga;03;s13482;724043;9846510;serenan
2014;Kruuk's_Culvert;03;s13482;724529;9846377;serenan
2014;Magic_Marsh;03;s13482;724859;9846540;serenan
2014;DeGaulle_Den;03;s13557.1;723652;9844975;serenan
2014;Uji_Den;05;s13802;723067;9846159;serenan
2014;Best_Friends_Forever_Water_Hole;06;s13994;723988;9845795;serenan
2008;Runway_Den;08;s1407;723060;9844579;serenan
2008;Runway_Den_II;08;s1408;723179;9844719;serenan
2014;IAT_Den;08;s14247;718355;9849119;serenan
2008;Wanderlust_Den;08;s1426;722573;9844992;serenan
2014;Maji_ya_Ndege;09;s14294;720930;9849994;serenan
2014;Twin_Culverts;09;s14311;716967;9849024;serenan
2014;Crunk_Den;09;s14311;718375;9849268;serenan
2014;J_Fab_Den;09;s14325;718389;9849092;serenan
2014;Two_Term_Tree;11;s14414;719196;9848470;serenan
2008;Rainy_Day_D;08;s1450;722647;9844903;serenan
2014;Rousseau_Den;01;s14544;725441;9840912;serenas
2008;Bakery_Den;08;s1455;722709;9844770;serenan
2014;Lonely_Tube;01;s14595;725158;9841224;serenas
2014;Boone_Den;02;s14640;725499;9840852;serenas
2014;Claire_Den;04;s14760;725383;9840846;serenas
2014;Mr._Eko_Den;04;s14828;725291;9840944;serenas
2014;FML_Den;05;s14844;725171;9841252;serenas
2014;The_Abyss;05;s14901;725061;9842224;serenas
2014;Temple_of_Artemis_Den;06;s14913;724900;9841254;serenas
2014;Zeus_Den;06;s14928;724943;9841096;serenas
2014;Polar_Bear_Den;07;s15008;725352;9840838;serenas
2014;Oceanic_Den;08;s15054;725466;9841032;serenas
2014;Jackson's_Hole_Den;09;s15101.4;725657;9841081;serenas
2014;Dudu_Den;09;s15103;725634;9840969;serenas
2014;Big_Sky_Den;09;s15104;725670;9841131;serenas
2014;Summit_Den;10;s15117;726881;9841004;serenas
2014;Airfield;12;s15296;723651;9844648;serenas
2015;Oceanic_Den;01;s15300;725466;9841032;serenas
2015;Island_Den;01;s15364;725384;9840990;serenas
2015;Lost_Den;01;s15364;725277;9841016;serenas
2015;Pyramid_of_Giza;01;s15365;724698;9841306;serenas
2015;Sawyer_Den;01;s15377;725256;9840952;serenas
2015;Colossus_of_Rhodes_Den;02;s15399;725114;9841436;serenas
2015;Lonely_Tube;02;s15400;725158;9841224;serenas
2015;Library_of_Alexandria_Den;02;s15443;724889;9841438;serenas
2015;Hanging_Gardens_Den;03;s15506;724783;9841530;serenas
2015;Defenestrate_Den;03;s15537;725405;9841812;serenas
2015;Cripple_Tree;03;s15567;727202;9842261;serenas
2015;IAT_Den;01;s15596;718355;9849119;serenan
2008;Pride_Rock;09;s156;718416;9839082;happyzebra
2015;J_Fab_Den;02;s15723;718389;9849092;serenan
2015;Reach_Out_and_Touch_Mound;03;s15991;718766;9849195;serenan
2015;Whooping_Cami_Den;01;s16011;718655;9836894;happyzebra
2015;Baobab_Tree;01;s16018;718077;9837971;happyzebra
2015;Whoopi_Tree;01;s16024;713256;9842517;happyzebra
2015;Summit_Den;01;s16031;726881;9841004;happyzebra
2015;Murram_Pit_Three;01;s16062;718800;9836563;happyzebra
2015;Fisi_Mingi_Luga;01;s16069;719201;9836421;happyzebra
2015;BobLobLog;01;s16087.3;718774;9837487;happyzebra
2015;Sausage_Tree;02;s16152;721907;9836461;happyzebra
2015;Euphrates_Den;03;s16256;719599;9838284;happyzebra
2015;Tigris_Den;03;s16324;719693;9838330;happyzebra
2015;Cannibal_Cami_Den;04;s16334;718608;9836934;happyzebra
2015;Oodelali_Den;04;s16393;718352;9849222;serenan
2015;Sneaky_Rock;04;s16688;725623;9841853;serenas
2015;Guava_Den;04;s16724;725917;9842387;serenas
2015;Moat_Den;04;s16726;724573;9842044;serenas
2015;Portcullis_Den;05;s16747;724448;9842095;serenas
2015;Monolith;05;s16778;726441;9842206;serenas
2015;Moonset_Den;07;s16870;720892;9838075;happyzebra
2008;Airfield;11;s1693;723651;9844648;serenan
2015;Nogales_Den;09;s16954;716267;9842643;happyzebra
2015;Albatross_Den;08;s17089;718494;9849303;serenan
2015;Mango_Den;07;s17296;726226;9842324;serenas
2015;Kit_Kat_Den;12;s17658;726433;9842488;serenas
2015;Twix_Den;12;s17707;726356;9842540;serenas
2015;Meatloaf_Den;10;s17773;715241;9843545;happyzebra
2015;Windsor_Den;10;s17775;716432;9842596;happyzebra
2009;DeGaulle_Den_II;01;s1778;723670;9844868;serenan
2009;DeGaulle_Den;02;s1779;723652;9844975;serenan
2015;Blowin'_in_the_Wind_Tree;10;s17792.1;721116;9845013;happyzebra
2015;Rocky_Spot;10;s17809;731691;9832225;happyzebra
2016;Twix_Den;01;s18137;726356;9842540;serenas
2016;Cripple_Tree;02;s18290;727202;9842261;serenas
2016;Kit_Kat_Den;02;s18356;726433;9842488;serenas
2016;Monolith;03;s18415;726441;9842206;serenas
2016;IAT_Den;01;s18545;718355;9849119;serenan
2016;J_Fab_Den;01;s18588;718389;9849092;serenan
2016;Houdini_Den;02;s18943;716763;9843937;happyzebra
2008;Coincidence_D;10;s190;719522;9837495;happyzebra
2009;Runway_Den;04;s1914;723060;9844579;serenan
2016;Black_Bellied_Bustard_Bird_Junction;06;s19146;717929;9843588;happyzebra
2016;Sneaky_Hole;04;s19200;717935;9849965;serenan
2016;Oodelali_Den;04;s19200;718352;9849222;serenan
2016;Ollivander's_Den;06;s19480;719224;9848877;serenan
2009;Airfield;04;s1965;723651;9844648;serenan
2016;Colossus_of_Rhodes_Den;07;s19884;725114;9841436;serenas
2016;FML_Den;07;s19898.1;725171;9841252;serenas
2016;Ilvermorny_Den;08;s20027;719409;9848777;serenan
2016;Two_Term_Tree;09;s20149;719196;9848470;serenan
2016;Portkey_Junction;09;s20149;719362;9848345;serenan
2016;Kabbalah_Den;09;s20184;718423;9849180;serenan
2016;Reach_Out_and_Touch_Mound;09;s20184;718766;9849195;serenan
2016;Portcullis_Den;12;s20198.1;724448;9842095;serenas
2016;Moat_Den;08;s20228;724573;9842044;serenas
2016;Bastion_Den;08;s20262.1;724676;9842170;serenas
2016;Turret_Den;09;s20305;724950;9842127;serenas
2016;Granualie_Gen;07;s20351;721416;9841468;happyzebra
2016;ARBA_Natal_Den;07;s20352;721527;9841357;happyzebra
2016;Cacophony_Den;07;s20378.1;716718;9843752;happyzebra
2016;Hullabaloo_Den;08;s20415;716721;9843423;happyzebra
2016;Uproar_Den;08;s20429;716771;9843244;happyzebra
2016;Clamor_Den;08;s20437;716904;9843283;happyzebra
2016;Metropolitan_Tree;09;s20449;716285;9842750;happyzebra
2016;Hubbub_Den;09;s20468;716847;9843520;happyzebra
2016;Extortion_Den;09;s20472;717163;9843805;happyzebra
2016;Judith_Den2;10;s20488;718910;9849244;serenan
2016;Judith_Den;10;s20520;718861;9849286;serenan
2016;Tiny_Violet_Princess_Den;10;s20821;716339;9843900;happyzebra
2016;Nogales_Den;10;s20848;716267;9842643;happyzebra
2016;Windsor_Den;11;s20863;716432;9842596;happyzebra
2016;Calexico_Den;12;s20897;716384;9842738;happyzebra
2016;Blowin'_in_the_Wind_Tree;12;s20920;721116;9845013;happyzebra
2017;Judith_Den;01;s20943;718861;9849286;serenan
2017;J_Fab_Den;02;s21007;718389;9849092;serenan
2017;IAT_Den;02;s21018;718355;9849119;serenan
2017;Portcullis_Den;01;s21061;724448;9842095;serenas
2017;Moat_Den;01;s21063;724573;9842044;serenas
2017;The_Abyss;02;s21124;725061;9842224;serenas
2017;Bran_Den;02;s21128;724394;9842200;serenas
2017;TSA_Den;02;s21133;724439;9841751;serenas
2017;Bastion_Den;02;s21144;724676;9842170;serenas
2017;Windsor_Den;01;s21185;716432;9842596;happyzebra
2017;Texarkana_Den;01;s21194;716373;9842739;happyzebra
2017;Blowin'_in_the_Wind_Tree;01;s21194;721116;9845013;happyzebra
2017;Angry_Ele_Den;03;s21289;718523;9844405;happyzebra
2017;Ambush_Gardenia;03;s21289;718904;9844347;happyzebra
2017;Sneaky_Hole;05;s21341;717935;9849965;serenan
2017;Two_Term_Tree;06;s21396;719196;9848470;serenan
2017;Defenestrate_Den2;05;s21523;725495;9841916;serenas
2017;Love_Shack_Mound;05;s21529;726404;9842532;serenas
2017;Ugli_Den;05;s21529;726305;9842484;serenas
2017;Suzi_Den_3;06;s21635;726324;9842426;serenas
2009;Airstrip_Den;07;s2171;723463;9844931;serenan
2017;Angry_Ele_Den_2;05;s21749;718503;9844377;happyzebra
2017;Super_Conspicuous_Bush;05;s21777;718541;9844712;happyzebra
2017;Lugga_Den;06;s21786;718649;9844548;happyzebra
2017;Lugga_Den2;06;s21823;718624;9844590;happyzebra
2017;Lugga_Den_lll;07;s21856.1;718592;9844639;happyzebra
2017;Suzi_Den;07;s21937;726298;9842460;serenas
2017;Mango_Den_ll;07;s22032;726233;9842257;serenas
2017;Mango_Den;07;s22035;726226;9842324;serenas
2017;Bberry_Den;07;s22044;725937;9841648;serenas
2017;Precipice_Den_ll;07;s22047;726027;9841858;serenas
2017;Precipice_Den;07;s22058;726069;9841910;serenas
2017;Sneaky_Rock;08;s22132;725623;9841853;serenas
2017;Rang_Natal_Den;09;s22185;726091;9842140;serenas
2009;Seatac_Den;08;s2228;723326;9844804;serenan
2017;Bright_Eyes_Den_ll;07;s22332;718276;9848942;serenan
2017;Bright_Eyes_Den;07;s22340;718430;9848948;serenan
2017;Kabbalah_Den;08;s22427.1;718423;9849180;serenan
2017;Diagon_Alley_ll;08;s22438;717981;9849311;serenan
2017;Diagon_Alley_Den;08;s22442;717949;9849283;serenan
2017;Diagon_Alley_Den_II;09;s22507;717981;9849311;serenan
2009;Redemption_Den;08;s2251;722500;9844773;serenan
2017;Gringotts_Den;09;s22512;718155;9849595;serenan
2017;Whomping_Willow_Den;12;s22937;718529;9849152;serenan
2009;Soda_Fountain_Den;09;s2294;718914;9851295;serenan
2017;Meatloaf_Den;11;s22986.1;715241;9843545;happyzebra
2018;Meatloaf_Den;01;s23017;715241;9843545;happyzebra
2018;Whomping_Willow_Den;01;s23065;718529;9849152;serenan
2018;IAT_Den;02;s23145;718355;9849119;serenan
2018;J_Fab_Den;02;s23152;718389;9849092;serenan
2018;Precipice_Den;01;s23182;726069;9841910;serenas
2018;Precipice_Den_ll;01;s23200;726027;9841858;serenas
2018;Precipice_Den_III;02;s23277;726025;9841891;serenas
2018;Precipice_Den_II;04;s23371;726027;9841858;serenas
2018;Crunk_Den;04;s23457;718375;9849268;serenan
2018;Kabbalah_Den;04;s23457.2;718423;9849180;serenan
2018;Hipposhi_Tree;05;s23510;720252;9850728;serenan
2018;Crunk_Den_2;05;s23516.1;718357;9849270;serenan
2018;Albatross_Den;05;s23542;718494;9849303;serenan
2018;Comatose_Culvert;05;s23651;718092;9841661;happyzebra
2018;Mtafiti_Fisi_Good_Day_Den;05;s23651;717251;9842925;happyzebra
2018;All_Hallows'_Eve_Den;07;s23734;720265;9848034;serenan
2018;Some_Freaky_Lions_Den;08;s23781;719768;9848458;serenan
2018;WAFL_Natal_Den;08;s23844;719230;9849296;serenan
2018;FML_Den;07;s23920;725171;9841252;serenas
2018;Culvert_City_Den;07;s24067;718169;9842580;happyzebra
2018;Dying_Cub_Culvert;07;s24072;718528;9842766;happyzebra
2018;Silk_Natal_Den;08;s24093;717186;9846659;happyzebra
2018;Wapi_Dave_Den;08;s24097;714577;9847556;happyzebra
2018;Oodelali_D2;11;s24253;718330;9849213;serenan
2018;Crunk_D3;11;s24271;718332;9849272;serenan
2018;Crunk_D4;11;s24291;718328;9849289;serenan
2018;Crunk_Den_II;11;s24302;718357;9849270;serenan
2018;Crunk_D5;11;s24322;718210;9849295;serenan
2018;Crunk_D7;11;s24328;718227;9849357;serenan
2018;Crunk_D6;11;s24328;718219;9849318;serenan
2018;TEDY_Natal_Den;12;s24336;718187;9849410;serenan
2018;Gringotts_Den_2;12;s24343;718197;9849416;serenan
2018;Solid_Bottom_Crossing;10;s24519;717259;9846612;happyzebra
2019;Ollivander's_Den_2;01;s24692;719198;9848864;serenan
2019;Log_Cabin's_Culvert;01;s24751;721069;9840826;serenan
2010;Redemption_Den;02;s2480;722500;9844773;serenan
2008;CERN_Den;11;s249;719534;9838825;happyzebra
2019;Truck_Stop_D;02;s25108;718315;9846176;happyzebra
2010;Runway_Den;05;s2783;723060;9844579;serenan
2010;Airstrip_Den;05;s2783;723463;9844931;serenan
2010;Stanky_Watering_Hole;07;s2977;721834;9847328;serenan
2010;Unremarkable_Den;07;s2983;722850;9847268;serenan
2010;Mag_Den;08;s3041;719366;9850839;serenan
2010;Gryffindor_Den;08;s3051;719173;9851289;serenan
2010;Slytherin_Den;08;s3062;719259;9850909;serenan
2010;Ravenclaw_Den;08;s3070;719000;9851018;serenan
2010;Hufflepuff_Den;09;s3084;718886;9851135;serenan
2010;Thug_Mansion_Den;09;s3084;718946;9851053;serenan
2010;Durmstrang_Den;09;s3092;719067;9851012;serenan
2010;Beauxbatons_Den;09;s3100;718987;9850937;serenan
2010;Diagon_Alley_Den;10;s3117;717949;9849283;serenan
2009;CERN_Den;01;s314;719534;9838825;happyzebra
2010;Seatac_Den;10;s3152;723326;9844804;serenan
2010;Hogshead_Den;10;s3156;717723;9849485;serenan
2010;Privet_Drive_Den;10;s3157;717846;9849364;serenan
2010;Chamber_of_Secrets_Den;10;s3169;717726;9849379;serenan
2010;3_Broomsticks_Den;11;s3185;717702;9849474;serenan
2010;IAT_Den;11;s3203;718355;9849119;serenan
2010;Ollivander's_Den;12;s3286;719224;9848877;serenan
2008;South_Den;11;s3337;724375;9842053;serenas
2008;Railroad_Den;12;s3382;724422;9841651;serenas
2008;Phil's_Tree;12;s3406;724090;9842018;serenas
2008;Muddy_Waters;12;s3406;723516;9841763;serenas
2009;Railroad_Den;01;s3414;724422;9841651;serenas
2009;Hanging_Gardens_Den;01;s3431;724783;9841530;serenas
2009;9km_Marker;02;s351;718048;9842058;happyzebra
2009;Amazon_Den;02;s354;719656;9838561;happyzebra
2009;Suzi_Den;05;s3576.1;726298;9842460;serenas
2009;Cripple_Tree;05;s3585;727202;9842261;serenas
2009;Suzi_Den_II;05;s3591;726321;9842497;serenas
2009;Ice_Age_Den;06;s3633;727052;9842117;serenas
2009;Elm_Street_Den;06;s3633;726446;9842434;serenas
2009;The_Hatch_Den;08;s3705;727333;9840695;serenas
2009;Orchid_Den;08;s3720;725445;9840897;serenas
2009;Hydra_Den;08;s3734;725559;9840851;serenas
2009;Pearl_Den;09;s3787;725783;9840988;serenas
2009;Oceanic_Den;09;s3802;725466;9841032;serenas
2009;Jackson's_Hole_Den;10;s3819;725657;9841081;serenas
2009;Big_Sky_Den;10;s3836;725670;9841131;serenas
2009;Foggy_Den;11;s3859;724958;9840745;serenas
2009;Snowbird_Den;11;s3892;725146;9840846;serenas
2009;Dudu_Den;12;s3921;725634;9840969;serenas
2009;Western_Front;12;s3939;723896;9840291;serenas
2010;Orchid_Den;01;s3958;725445;9840897;serenas
2010;Dudu_Den;01;s3962;725634;9840969;serenas
2010;Jackson's_Hole_Den;01;s3970;725657;9841081;serenas
2010;Oceanic_Den;01;s3977;725466;9841032;serenas
2010;Submarine_Den;03;s4077;725144;9840834;serenas
2010;Polar_Bear_Den;05;s4164;725352;9840838;serenas
2010;Dharma_Den;05;s4180;725495;9840858;serenas
2010;Pearl_Den;05;s4184;725783;9840988;serenas
2010;Foggy_Den;06;s4227;724958;9840745;serenas
2010;Hurley_Den;07;s4328;725185;9840831;serenas
2010;Locke_Den;08;s4329;725145;9840826;serenas
2010;Hallelujah_Den;08;s4352;723071;9841425;serenas
2009;Egyptian_Goose;03;s438;718296;9839943;happyzebra
2010;Rivendell_Den;09;s4380;723719;9841457;serenas
2010;Muddy_Waters;09;s4381;723516;9841763;serenas
2010;Snowbird_Den;10;s4393;725146;9840846;serenas
2010;FML_Den;10;s4393;725171;9841252;serenas
2010;Boone_Den;10;s4407;725499;9840852;serenas
2009;Holy_Grail_Den_II;03;s453;718859;9840103;happyzebra
2010;Sawyer_Den;12;s4532;725256;9840952;serenas
2009;Holy_Grail_Den;04;s459;719087;9840152;happyzebra
2011;Lighthouse_Den;01;s4646;727206;9840510;serenas
2011;The_Staff_Den;02;s4810;727253;9840510;serenas
2011;Suzi_Den;03;s4914;726298;9842460;serenas
2011;Reese's_Den;03;s4927;726279;9842474;serenas
2011;Ice_Age_Den;04;s5002;727052;9842117;serenas
2011;Kit_Kat_Den;05;s5008;726433;9842488;serenas
2011;Milky_Way_Den_Deleted;05;s5008;726313;9842410;serenas
2011;Twix_Den;05;s5047;726356;9842540;serenas
2011;Heath_Den;06;s5076;726486;9842170;serenas
2011;Rock_Lobster;06;s5129;726082;9842504;serenas
2011;Suzi_Den_II;06;s5134.3;726321;9842497;serenas
2011;Kuni_Beach;06;s5139.1;728652;9842728;serenas
2011;The_Hatch_Den;07;s5213;727333;9840695;serenas
2011;Casino_X;08;s5295;727028;9841002;serenas
2011;Mr._Cluck's_Chicken_Shack_Den;08;s5295;726936;9840626;serenas
2011;Def_Leppard_Crossing;08;s5308;727558;9840214;serenas
2011;Tailies_Den;09;s5318;726801;9840354;serenas
2011;Schiphol_Den;01;s5945;723441;9844921;serenan
2011;Helsinki_Den;01;s5961;719644;9851282;serenan
2011;Oslo_Den;01;s5982;719597;9851224;serenan
2011;Stockholm_Den;01;s5989.1;719632;9851320;serenan
2011;Tallinn_Den;01;s6010;719639;9851358;serenan
2011;Copenhagen_Den;01;s6010;719620;9851394;serenan
2011;Reykjavik_Den;02;s6074;719658;9851418;serenan
2011;Gothenburg_Den;02;s6128.1;719679;9851370;serenan
2011;Aarhus_Den;02;s6128.1;719884;9851382;serenan
2011;Serena_Camp;03;s6130.6;724390;9845214;serenan
2011;Moscow_Den;03;s6130.7;719942;9851358;serenan
2011;Mega_Junction;03;s6162;720751;9851603;serenan
2011;St_Petersburg_Den;03;s6213.1;719940;9851218;serenan
2011;Nyumba_Ndege_Den;04;s6265;724224;9846508;serenan
2011;Scrapple_Den;04;s6266;724111;9846482;serenan
2011;Lalalugga;04;s6276;724043;9846510;serenan
2011;The_Grotto;06;s6423;723715;9846490;serenan
2011;Grits_Den;06;s6470;724180;9846138;serenan
2011;Crepes_Den;06;s6576;724243;9846030;serenan
2011;Benedict_Den;07;s6677.1;723973;9846252;serenan
2011;Frittata_Den;07;s6744;723884;9846260;serenan
2011;Pancake_Den;07;s6772;723933;9845900;serenan
2011;Chex_Den;07;s6782;723983;9846130;serenan
2011;Bergen_Den;08;s6866;720253;9851464;serenan
2011;Vaasa_Den;09;s6916;720189;9851280;serenan
2011;Kolding_Den;09;s6918;720256;9851264;serenan
2009;Little_Big_Horn_D;07;s700;719101;9840221;happyzebra
2011;Salander_Den;10;s7054;720032;9850724;serenan
2011;Riga_Den;11;s7138;720119;9850866;serenan
2011;Gila_River_Den_III;01;s7242;716452;9843748;happyzebra
2011;Gila_River_Den_II;01;s7243;716426;9843696;happyzebra
2011;Rio_Grande_Den;01;s7254;716415;9843882;happyzebra
2011;Sweetgrass_Den;01;s7280;716351;9844270;happyzebra
2011;Sault_St._Marie_Den;01;s7281;716352;9844324;happyzebra
2011;Cocobeach_Den;02;s7286;716199;9844306;happyzebra
2011;Strasbourg_Den;02;s7290;716325;9844272;happyzebra
2012;Vaasa_Den;01;s7301;720189;9851280;serenan
2011;Hit_and_Run_Den;03;s7334;716588;9845972;happyzebra
2011;Embezzlement_Den;03;s7338;716439;9845940;happyzebra
2011;Driving_under_the_Influence_Den;03;s7352;716653;9846058;happyzebra
2011;Grand_Theft_Auto_Den;04;s7366;717033;9844406;happyzebra
2011;Little_Big_Horn_D;05;s7426;719101;9840221;happyzebra
2011;Alamo_Den;06;s7429;719098;9840106;happyzebra
2009;Tijuana_Den;08;s750;716446;9842598;happyzebra
2011;Holy_Grail_Den;08;s7584;719087;9840152;happyzebra
2011;Nogales_Den;10;s7653;716267;9842643;happyzebra
2011;Windsor_Den;10;s7655;716432;9842596;happyzebra
2011;Blowin'_in_the_Wind_Tree;12;s7675;721116;9845013;happyzebra
2011;Rocky_Spot;12;s7685;731691;9832225;happyzebra
2009;Burnt_Crossing;08;s769;715967;9841842;happyzebra
2009;Juarez_Den;09;s795;716375;9842579;happyzebra
2012;Krakow_Den;07;s7999;719919;9851134;serenan
2009;Nogales_Den;09;s802;716267;9842643;happyzebra
2012;Maji_ya_Ndege;08;s8061.1;720930;9849994;serenan
2012;Malmö_Den;02;s8083;720175;9851218;serenan
2012;Guca_Den;03;s8164;720474;9851196;serenan
2012;Belgrade_Den;08;s8322;719841;9851154;serenan
2012;Budapest_Den;08;s8323;719781;9851170;serenan
2012;New_Queen's_Throne_Natal_Den;09;s8337;719751;9851136;serenan
2012;J_Fab_Den;10;s8383;718389;9849092;serenan
2012;Emma_Natal_Den_2_2012;11;s8446;719731;9847250;serenan
2012;Emma_Natal_Den_2012;12;s8557.1;719768;9847218;serenan
2012;Merry_Christmas_Den;12;s8591;719746;9847140;serenan
2012;The_Hatch_Den;01;s8600;727333;9840695;serenas
2012;Kahana_Den;03;s8736;727319;9840910;serenas
2009;Gila_River_Den;11;s874;716307;9843668;happyzebra
2012;Nightmare_Den;03;s8762;727399;9840910;serenas
2012;Cripple_Tree;03;s8762;727202;9842261;serenas
2012;Flashforward_Den;03;s8787;727377;9840658;serenas
2012;Casino_X;03;s8787;727028;9841002;serenas
2012;Java_House_Den;08;s9105;727353;9840692;serenas
2012;Oxytocin_Den;09;s9147;724934;9841116;serenas
2012;Def_Leppard_Crossing;09;s9182;727558;9840214;serenas
2012;Windsor_Den;01;s9432.1;716432;9842596;happyzebra
2012;Calexico_Den;03;s9519;716384;9842738;happyzebra
2012;Metropolitan_Tree;03;s9519;716285;9842750;happyzebra
2012;Blowin'_in_the_Wind_Tree;05;s9552;721116;9845013;happyzebra
2012;Mexicalli_Den;09;s9658;716255;9842748;happyzebra
2012;Nogales_Den;09;s9676;716267;9842643;happyzebra
2012;Juarez_Den;10;s9799;716375;9842579;happyzebra
2013;Merry_Christmas_Den;01;s9838;719746;9847140;serenan
2013;Happy_New_Year_Den;01;s9877;719821;9847114;serenan
2013;Pile-o-rocks_Crossing;01;s9884;721209;9848004;serenan
2013;Rhombush;01;s9884;720508;9848034;serenan
2017;Big_Bush_Communal_Den;06;t100118;748061;9838502;talek
2017;Big_Bush_Den;07;t100155;748061;9838502;talek
2017;Resurrection_Main_Den;07;t100156;747453;9838546;talek
2017;Lala_Den;07;t100191;744591;9841032;talek
2017;Green_Den;07;t100219;729719;9840569;talek
2017;Dicks_Den;07;t100249;747390;9837245;talek
2017;Fireworks_Den;07;t100256;741990;9840708;talek
2017;DOC_Den_2;07;t100321;747700;9837031;talek
2017;Den_One_Creek_Den_Complex;07;t100331;747634;9837096;talek
2017;Fig_Tree_Lugga_-_Top;08;t100450;743852;9840260;talek
2017;Flintstone_Den;08;t100511;747000;9837149;talek
2017;Tawny_Tree;09;t100633;743097;9840863;talek
2017;Daffy_Duck_Shrub;09;t100653;747248;9837085;talek
2017;Lone_Ranger_Natal_Den;10;t101148;747004;9836618;talek
1996;Man_Bush;07;t10119;745939;9837669;talek
2017;Leopard_Sex_Crossing;11;t101299;747704;9837000;talek
2017;Farmer's_Den;11;t101366;739847;9835373;talek
2018;Flintstone_Den;01;t101679.10;747000;9837149;talek
2018;Resurrection_Main_Den;01;t101814.10;747453;9838546;talek
2018;Resurrection_Communal_Den;01;t101838.10;747569;9838508;talek
2018;Central_Park_Communal_Den;03;t102125;746472;9838970;talek
2018;Mountaineer_Den;06;t102856;747043;9838583;talek
2018;Cliff_Den;09;t104193;746018;9837982;talek
2018;Magic_Bush_Den;09;t104223;746745;9838653;talek
2018;Nimekufa_Kindani_Den;12;t104780;742941;9831923;talek
1996;Fig_Tree_Lugga_-_Top;08;t10483;743852;9840260;talek
2019;Resurrection_Communal_Den;01;t105443;747569;9838508;talek
2019;Resurrection_Main_Den;01;t105460;747453;9838546;talek
2019;Special_Den;01;t105474;743992;9831975;talek
2019;Doom's_Day_Den_2;01;t105539;746900;9838610;talek
2019;Cliff_Den;02;t105887;746018;9837982;talek
2019;Cliff_Den_2;03;t105983;746082;9837966;talek
2019;Landscape_Den;03;t106054;744658;9833984;talek
2019;Landscape_Den_2;04;t106917;744819;9833984;talek
2019;Villa_Den;05;t107048;744705;9834929;talek
2019;Sayialel_Crossing;05;t107170;746881;9838682;talek
2019;Cool_Beans_Bush;05;t107220;744761;9835143;talek
2019;Villa_Den_2;06;t107551;744689;9835065;talek
2019;Confusing_Den;07;t108108;744211;9832288;talek
2019;Confusing_Den_2;07;t108115;744327;9831969;talek
2019;Confusing_Den_3;07;t108166;744260;9831828;talek
2019;Greenland_Den;09;t108498;743636;9832955;talek
2019;NUDI's_Den;10;t111322;744086;9832317;talek
2019;Dave_Den;10;t111328;747491;9837478;talek
2019;Dave's_Den;10;t111355;747491;9837478;talek
2019;Croton_Edge_Communal_Den;10;t111381;746952;9837148;talek
2019;NUDI's_Den_2;11;t111510;744117;9832275;talek
2020;Acacia_Den;02;t111991;749375;9838582;talek
2021;Acacia_Den;08;t119991;749375;9838582;talek
2001;Aardwolf_Communal_Den;11;t29821.4;745294;9838050;talek
2002;Plantation_Den;04;t32073;746293;9839498;talek
2002;Olosogon_West_Bank_Natal_Den;06;t34600;754909;9835790;talek
2002;Fever_Tree_Natal_Den/Communal_Den_Complex;08;t35026;753681;9837484;talek
2002;Twin_Tree_Crossing;08;t35439;754110;9836521;talek
2002;Sunrise_Valley_Communal_Den/Natal_Den;09;t35797;753524;9837427;talek
1992;Maji_Fisi;11;t3646;745018;9838398;talek
2003;Fever_Tree_Natal_Den/Communal_Den_Complex;01;t36797;753681;9837484;talek
2003;Plantation_Den;01;t36831;746293;9839498;talek
2003;Dream_Camp;02;t37092;746192;9838993;talek
2003;Base_Natal_Den/Communal_Den;04;t37704;746442;9838893;talek
2003;Resurrection_Communal_Den;04;t37828;747569;9838508;talek
2003;Doom's_Day_Den;07;t38685;747037;9838562;talek
2003;Magic_Bush_Den;07;t38777;746745;9838653;talek
2003;Sunrise_Valley_Communal_Den/Natal_Den;10;t39312;753524;9837427;talek
1989;Plantation_Den;02;t394;746293;9839498;talek
2003;Paradise_Den;11;t40009;746378;9836793;talek
2003;Aardvark_Road_Trees;12;t40153;746563;9836736;talek
2003;Magic_Culvert;12;t40164;747371;9836013;talek
2003;Aardwolf_Communal_Den;12;t40386;745294;9838050;talek
2004;Fever_Tree_Natal_Den/Communal_Den_Complex;01;t43461;753681;9837484;talek
2004;Aardwolf_Communal_Den;01;t43469;745294;9838050;talek
2004;Ranger_Den;02;t43814;745281;9840331;talek
2004;No_See_Em_Den;03;t44085;744984;9840806;talek
2004;Plantation_Den;06;t48046;746293;9839498;talek
2004;Sunrise_Valley_Communal_Den/Natal_Den;08;t48769;753524;9837427;talek
2004;Alternate_Aardvark_Communal_Den;08;t48841;746470;9837032;talek
2004;Paradise_Den;08;t48841;746378;9836793;talek
2004;Holiday_Communal_Den;08;t48913;746505;9836828;talek
2005;No_See_Em_Den;03;t51519;744984;9840806;talek
2005;Tumo_Hill_Den;04;t52211;752769;9838944;talek
2005;FM_Den;05;t52759;752888;9838905;talek
2005;Sunrise_Valley_Communal_Den/Natal_Den;07;t53369;753524;9837427;talek
2005;Over_the_River_Den;07;t53586;753542;9837353;talek
2005;Talek_Lugga_Crossing;08;t53902;745099;9840066;talek
2005;Fever_Tree_Natal_Den/Communal_Den_Complex;09;t54214;753681;9837484;talek
2005;Boulevard_Den;12;t55678.1;744985;9839134;talek
2006;Fever_Tree_Natal_Den/Communal_Den_Complex;01;t55901;753681;9837484;talek
2006;Lala_Den;06;t58112;744591;9841032;talek
2006;Green_Den;06;t58248;729719;9840569;talek
2006;Kinda-See-Em_Den;08;t58973;745124;9840497;talek
2006;No_See_Em_Den;08;t58974;744984;9840806;talek
2006;Den_of_Perfection;09;t59153;746689;9836798;talek
2006;Sunrise_Valley_Communal_Den/Natal_Den;10;t59295;753524;9837427;talek
2006;Aardwolf_Communal_Den;10;t59327;745294;9838050;talek
2006;Maji_Fisi;10;t59328;745018;9838398;talek
2006;Holiday_Communal_Den;11;t59636;746505;9836828;talek
2006;Roadside_Den;12;t59764;746619;9836966;talek
2007;Banana_Tree_Communal_Den;05;t60367;740512;9859417;talek
2007;Fig_Tree_Den_2;06;t60628;736615;9840574;talek
2007;Sun_Den;07;t60830;741258;9840562;talek
2007;Wicked_Den;07;t60895;740636;9839896;talek
2007;Ranger_Den;12;t61791;745281;9840331;talek
2008;Ranger_Den;01;t61821;745281;9840331;talek
2008;Kinda-See-Em_Den;05;t62554;745124;9840497;talek
2008;Crocodile_Camp_Den;05;t62624;746008;9840226;talek
2008;Talek_Gate;05;t62624;745602;9840397;talek
2008;Boulevard_Den;07;t63147;744985;9839134;talek
2008;Talek_Lugga_Crossing;08;t63279;745099;9840066;talek
2008;Paradise_Den;10;t63743;746378;9836793;talek
2008;Waverly_Den;10;t63871;744929;9839296;talek
2008;Wayland_Den;11;t64040;745254;9839856;talek
2009;Ranger_Den;01;t64670;745281;9840331;talek
2009;Kinda-See-Em_Den;05;t65234;745124;9840497;talek
2009;No_See_Em_Den;06;t65478;744984;9840806;talek
2009;Alamo_Natal_Den;06;t65723;747851;9836348;talek
2009;Kitchen_Natal_Den;06;t65784;746684;9836802;talek
2009;Paradise_Den;07;t65821;746378;9836793;talek
2009;Boulevard_Den;07;t65836;744985;9839134;talek
2009;Holiday_Communal_Den;07;t65850;746505;9836828;talek
2009;Magic_Culvert;07;t65850;747371;9836013;talek
2009;Lone_Ranger_Natal_Den;08;t66217;747004;9836618;talek
2009;Croton_Edge_Communal_Den;08;t66229;746952;9837148;talek
2009;T_Stop;08;t66413;745229;9837857;talek
2010;Kinda-See-Em_Den;02;t68257;745124;9840497;talek
2010;Kinda_See_Em_Den_Two;03;t68856;745085;9840608;talek
2010;Crocodile_Den;06;t69918;746043;9840060;talek
2010;Crocodile_Camp_Den;06;t69937;746008;9840226;talek
2010;Dave's_Den;06;t70007;747491;9837478;talek
2010;Croton_Edge_Communal_Den;07;t70369;746952;9837148;talek
2010;Alamo_Natal_Den;08;t70794;747851;9836348;talek
2010;Culvert_of_13_Lugga_South;08;t70834;747880;9835456;talek
2010;Main_Den_One_Creek_Crossing;08;t70922;747797;9836633;talek
2010;Magic_Culvert;09;t71044;747371;9836013;talek
2010;Lone_Ranger_Natal_Den;09;t71069;747004;9836618;talek
2010;No_See_Em_Den;10;t71336;744984;9840806;talek
2010;Lala_Den;10;t71354;744591;9841032;talek
2010;Alternate_Aardvark_Communal_Den;12;t71760;746470;9837032;talek
2011;Croton_Edge_Communal_Den;01;t71824;746952;9837148;talek
2011;Plantation_Den;03;t72298;746293;9839498;talek
2011;Main_Den_One_Creek_Crossing;03;t72336;747797;9836633;talek
2011;Alamo_Natal_Den;03;t72336;747851;9836348;talek
2011;Dave_Den;03;t72433;747491;9837478;talek
2011;Dave's_Den;04;t72465;747491;9837478;talek
2011;Riverbend_Den;04;t72593;748477;9838427;talek
2011;Resurrection_Communal_Den;05;t72904;747569;9838508;talek
2011;Teapot_Tree_Crossing;06;t73179;747432;9837579;talek
2011;Centre_Tree;06;t73209;747366;9838133;talek
2011;Lightning_Den;06;t73210;747326;9838572;talek
2011;Den_One_Creek_Den_Complex;07;t73644;747634;9837096;talek
2011;T_Stop;07;t73906;745229;9837857;talek
2011;Aardwolf_Communal_Den;07;t73906;745294;9838050;talek
2011;Kinda-See-Em_Den;08;t74015;745124;9840497;talek
2011;Dion's_Natal_Den;10;t74569;747075;9837512;talek
2012;Big_Bush_Den;01;t75182;748061;9838502;talek
2012;Riverbend_Den;02;t75640;748477;9838427;talek
2012;Kinda_See_Em_Den_Two;03;t76047;745085;9840608;talek
2012;Resurrection_Communal_Den;05;t76696;747569;9838508;talek
2012;Landmark_Tree;07;t77839;748924;9838183;talek
2012;Dave's_Den;08;t78084;747491;9837478;talek
2012;Rhino_Skull_Lugga_Crossing;08;t78110;746673;9837962;talek
2012;Croton_Edge_Communal_Den;08;t78110;746952;9837148;talek
2012;Leopard_Sex_Crossing;09;t78403;747704;9837000;talek
2012;Stupid_Tree;09;t78413;746997;9836480;talek
2012;Teapot_Tree_Crossing;09;t78414;747432;9837579;talek
2012;Teapot_Tree;09;t78523;747579;9837618;talek
2012;Pothole_Den;09;t78523;747622;9837700;talek
2012;Vulture_Crossing;09;t78545;747750;9837284;talek
2012;Main_Den_One_Creek_Crossing;09;t78581;747797;9836633;talek
2012;Century_Crossing;11;t79219;747636;9837248;talek
2012;Central_Park_Communal_Den;11;t79449;746472;9838970;talek
2012;Saga_Lugga,_Bottom;11;t79453;746397;9838510;talek
2013;Central_Park_Communal_Den;01;t80028;746472;9838970;talek
2013;Dream_Camp;02;t80612;746192;9838993;talek
2013;Riverbend_Den;06;t80911;748477;9838427;talek
2013;Plantation_Den;06;t81138;746293;9839498;talek
2013;Dave's_Den;06;t81306;747491;9837478;talek
2013;Century_Crossing;03;t81725;747636;9837248;talek
2013;Box_Crossing;03;t81737;748090;9837837;talek
2013;Vulture_Crossing;03;t81737;747750;9837284;talek
2013;Mystery_Spot;04;t82084;746175;9839389;talek
2013;Talek_Gate;04;t82084;745602;9840397;talek
2013;Teapot_Tree_Crossing;07;t82651;747432;9837579;talek
2013;Kinda-See-Em_Den;07;t82696;745124;9840497;talek
2013;Kilong_Crossing;07;t82861;745194;9840304;talek
2013;Pothole_Den;07;t83089;747622;9837700;talek
2013;Leopard_Sex_Crossing;07;t83155;747704;9837000;talek
2013;Resurrection_Communal_Den;07;t83206;747569;9838508;talek
2013;Resurrection_Main_Den;08;t83280;747453;9838546;talek
2013;Talek_Lugga_Crossing;11;t84611;745099;9840066;talek
2014;Magic_Bush_Den;01;t85084;746745;9838653;talek
2014;Riverbend_Den;02;t85489;748477;9838427;talek
2014;Aqua's_Natal_Den_2014;03;t86036;743212;9836350;talek
2014;Dave's_Den;03;t86042;747491;9837478;talek
2014;Dicks_Den;04;t86083;747390;9837245;talek
2014;Dave_Den;04;t86120;747491;9837478;talek
2014;Gardenia_Den;05;t86449;746979;9836020;talek
2014;Secluded_Den;06;t86881;747062;9837168;talek
2014;Yoplait_Den;06;t86928;741720;9836168;talek
2014;Den_One_Creek_Den_Complex;06;t86988;747634;9837096;talek
2014;Roosevelt's_Natal_Den_2014;07;t87121;741941;9835865;talek
2014;DOC_Communal_Den;07;t87126;747634;9837096;talek
2014;DOC_Den_2;07;t87314;747700;9837031;talek
2014;Milkyway_Den;07;t87427;742848;9835677;talek
2014;Argon's_Natal_Den_2014;07;t87449;743021;9835986;talek
2014;Maggie_Den;07;t87466;742990;9835692;talek
2014;Cash_Den;08;t87698;747481;9837043;talek
2014;Pole_not_Pole_Den;08;t87758;743572;9837544;talek
2014;Singizi_Den;09;t87831;747084;9835640;talek
2014;Handsome_H_Tree;09;t87941.1;743566;9837466;talek
2014;Lucky_Leopard_Den;09;t87963;742437;9836924;talek
2014;Nook;09;t88024;747100;9835502;talek
2014;Pond_Lugga_Crossing;10;t88537;743070;9836024;talek
2014;Teapot_Tree_Crossing;10;t88671;747432;9837579;talek
2014;Kinda_See_Em_Den_Three;11;t88769;745114;9840561;talek
2014;Leopard_Sex_Crossing;11;t88797;747704;9837000;talek
2014;Main_Den_One_Creek_Crossing;11;t88835;747797;9836633;talek
2014;Magic_Culvert;11;t88835;747371;9836013;talek
2014;Century_Crossing;11;t89210;747636;9837248;talek
2014;Kinda-See-Em_Den;12;t89372;745124;9840497;talek
2015;DOC_Communal_Den;01;t89772;747634;9837096;talek
2015;Den_One_Creek_Den_Complex;01;t89915;747634;9837096;talek
2015;Century_Crossing;01;t89945;747636;9837248;talek
2015;Riverbend_Den;01;t90134;748477;9838427;talek
2015;Lazy_French_Den;03;t90788;741547;9835066;talek
2015;Teapot_Tree_Crossing;03;t90863;747432;9837579;talek
2015;Dave's_Den;03;t90863;747491;9837478;talek
2015;Tangawizi_Den;05;t91062;741030;9836512;talek
2015;Main_Den_One_Creek_Crossing;05;t91172;747797;9836633;talek
2015;Latrine;06;t91509;744470;9835638;talek
2015;Three_Sisters;06;t91593;741492;9836298;talek
2015;Roosevelt's_Natal_Den_2014;07;t91659;741941;9835865;talek
2015;Photogenic_Tree;07;t91659;742761;9836578;talek
2015;Kinda-See-Em_Den;08;t92120;745124;9840497;talek
2015;Nomadic_Den;08;t92182;741877;9835276;talek
2015;Sugar_Daddy_Den;08;t92215;742514;9835091;talek
2015;Dicks_Den;08;t92219;747390;9837245;talek
2015;Candybar_Crossing;08;t92255;742442;9834986;talek
2015;Milkyway_Den;08;t92258;742848;9835677;talek
2015;Resurrection_Communal_Den;09;t92758;747569;9838508;talek
2015;Flintstone_Den;09;t92773;747000;9837149;talek
2015;Yoplait_Den;10;t92898;741720;9836168;talek
2015;Love_Stinks_Den;10;t92898;741286;9836630;talek
2015;Resurrection_Main_Den;12;t93310;747453;9838546;talek
2016;Riverbend_Den;01;t93355;748477;9838427;talek
2016;Resurrection_Main_Den;01;t93360;747453;9838546;talek
2016;Resurrection_Communal_Den;01;t93518;747569;9838508;talek
2016;Lucky_Leopard_Den;03;t94412;742437;9836924;talek
2016;Dave's_Den;04;t94741;747491;9837478;talek
2016;Dave_Den;05;t95172;747491;9837478;talek
2016;Cliff_Den;06;t95645;746018;9837982;talek
2016;Dream_Camp;07;t95834;746192;9838993;talek
2016;Central_Park_Communal_Den;07;t95834;746472;9838970;talek
2016;Saga_Lugga;07;t96081;746095;9838250;talek
2016;Den_One_Creek_Den_Complex;10;t96837;747634;9837096;talek
2016;Tangawizi_Den;10;t96875;741030;9836512;talek
2016;DOC_Communal_Den;10;t96932;747634;9837096;talek
2016;Century_Crossing;11;t97362;747636;9837248;talek
2016;No_Name_Hill_Tree;12;t97768;748044;9837449;talek
2016;Stupid_Bushes,_Northwest_Edge;12;t98049;746431;9837129;talek
2016;Stupid_Tree;12;t98049;746997;9836480;talek
2016;Cheetah_Tree_Crossing;12;t98057;748565;9837620;talek
2016;Main_Den_One_Creek_Crossing;12;t98057;747797;9836633;talek
2017;Riverbend_Den;01;t98142;748477;9838427;talek
2017;Box_Crossing;01;t98168;748090;9837837;talek
2017;Dave_Den;01;t98190;747491;9837478;talek
2017;Teapot_Tree_Crossing;02;t98440;747432;9837579;talek
2017;Centre_Tree;04;t99137;747366;9838133;talek
2017;Resurrection_Communal_Den;06;t99662.1;747569;9838508;talek
1996;Talek_Lugga_Crossing;07;t9999;745099;9840066;talek
