session;landmark_id;date;year;clan;utme;utmn;category
97332.1;DOC_Den_2;2016-11-20;2016;talek;747700;9837031;cd
s0.26;Disappointment_Den;2008-06-27;2008;happyzebra;721449;9846717;cd
s0.59;Alumni_Den;2008-07-06;2008;happyzebra;718903;9833540;cd
s10004;Schiphol_Den;2013-07-02;2013;serenan;723441;9844921;cd
s10010;Grits_Den;2013-07-03;2013;serenan;724180;9846138;cd
s1007;Rocky_Point_Den;2010-03-16;2010;happyzebra;716191;9842646;cd
s10087.1;Bordello_Den;2013-07-19;2013;serenan;721485;9847576;cd
s10106;Flapjack_Den;2013-07-21;2013;serenan;724252;9846273;cd
s10118;Mindy's_Den;2013-07-24;2013;serenan;721772;9847129;cd
s10166;DeGaulle_Den;2013-07-31;2013;serenan;723652;9844975;cd
s10181;Holy_Grail_Den;2013-07-31;2013;happyzebra;719087;9840152;cd
s10287;National_Cornchip_Day_Den;2013-02-13;2013;serenan;720449;9847591;cd
s103;Holy_Grail_Den;2008-08-20;2008;happyzebra;719087;9840152;cd
s1079;Texarkana_Den;2010-06-04;2010;happyzebra;716373;9842739;cd
s108994;Ollivander's_Den;2019-04-06;2019;serenan;719224;9848877;cd
s108995;All_Hallows'_Eve_Den;2019-04-06;2019;serenan;720265;9848034;cd
s109013;DeGaulle_Den;2019-04-15;2019;serenan;723652;9844975;cd
s109277;Lugga_Den_II;2019-04-02;2019;happyzebra;718642;9844590;cd
s109279;Wapi_Dave_Den;2019-04-05;2019;happyzebra;714577;9847556;cd
s109325;Lugga_Den;2019-05-08;2019;happyzebra;718649;9844548;cd
s109447;Runway_Den_3;2019-08-02;2019;serenan;723190;9844517;cd
s109493;Runway_Den;2019-08-16;2019;serenan;723060;9844579;cd
s109635;Snowbird_Den;2019-07-24;2019;serenas;725146;9840846;cd
s109691;Dawn_Den;2019-08-23;2019;serenas;725153;9840668;cd
s109738;Dawn_Den_2;2019-09-11;2019;serenas;725266;9840651;cd
s109764;Foggy_Den;2019-09-22;2019;serenas;724958;9840745;cd
s109934;Armani_Den;2019-09-10;2019;happyzebra;715027;9847714;cd
s109976;Lilac_Breasted_Roller_Den;2019-09-28;2019;happyzebra;714856;9847447;cd
s110184;Oceanic_Den;2019-10-03;2019;serenas;725466;9841032;cd
s110197;Big_Sky_Den;2019-10-12;2019;serenas;725670;9841131;cd
s11022;Cinnabon_Den;2013-09-10;2013;serenan;724027;9845768;cd
s110225;Dudu_Den;2019-10-23;2019;serenas;725634;9840969;cd
s110272;Big_Bush_Communal_Den;2019-11-07;2019;serenas;748061;9838502;d
s110276;Hanging_Gardens_Den;2019-11-09;2019;serenas;724783;9841530;cd
s110333;Jalapeno_Den;2019-10-01;2019;happyzebra;718268;9844620;cd
s110363;Challah_Den;2019-10-16;2019;happyzebra;717707;9844717;cd
s110368;Sleepy_Den;2019-10-18;2019;happyzebra;731627;9840990;cd
s110372;Nogales_Den;2019-10-21;2019;happyzebra;716267;9842643;cd
s110374;Innocent_Den;2019-10-21;2019;happyzebra;717831;9844399;cd
s110398;Hullabaloo_Den_2;2019-10-28;2019;happyzebra;716585;9843403;cd
s110464;Tijuana_Den;2019-11-30;2019;happyzebra;716446;9842598;cd
s110474;Runway_Den;2020-01-03;2020;serenan;723060;9844579;cd
s110742;Twix_Den_2;2020-01-02;2020;serenas;726354;9842516;cd
s11076;Biscuits_n'_Gravy_Den;2013-09-30;2013;serenan;722792;9845795;cd
s110763;Suzi_Den_III;2020-01-08;2020;serenas;726324;9842426;cd
s110963;Guava_Den;2020-03-18;2020;serenas;725917;9842387;cd
s110973;Tijuana_Den;2020-01-01;2020;happyzebra;716446;9842598;cd
s11327;IAT_Den;2013-12-04;2013;serenan;718355;9849119;cd
s11374;J_Fab_Den;2013-12-22;2013;serenan;718389;9849092;cd
s11408;The_Hatch_Den;2013-01-03;2013;serenas;727333;9840695;cd
s1144;Tijuana_Den;2010-07-16;2010;happyzebra;716446;9842598;cd
s114448;Runway_Den;2021-02-15;2021;serenan;723060;9844579;cd
s114463.1;Runway_Den_3;2020-08-19;2020;serenan;723190;9844517;cd
s114625;Circe_Den;2021-02-16;2021;serenas;724870;9840956;d
s114678;Hanging_Gardens_Den;2021-03-21;2021;serenas;724783;9841530;cd
s11487;The_Staff_Den;2013-02-09;2013;serenas;727253;9840510;cd
s114906;Burning_Den;2021-04-30;2021;serenan;721298;9846439;cd
s115145;Superstar_Den;2021-05-01;2021;serenas;724855;9840062;cd
s11515;Lighthouse_Den;2013-02-16;2013;serenan;727206;9840510;cd
s115169;Superstar_Den_2;2021-05-12;2021;serenas;724791;9840072;cd
s115413;Eyrie_Den;2021-06-22;2021;happyzebra;718933;9843943;cd
s115421;Eyrie_Den_2;2021-06-25;2021;happyzebra;718888;9843911;cd
s115488;Superstar_Den_3;2021-08-07;2021;serenas;724828;9840099;cd
s115549;Nchoko_Den;2021-10-23;2021;serenas;724749;9839441;cd
s115559;Nchoko_Den_2;2021-10-28;2021;serenas;724689;9839404;cd
s115597;Lone_Elephant_Den;2021-12-04;2021;serenas;724765;9839596;cd
s115607;Lone_Elephant_Den2;2021-12-19;2021;serenas;724875;9839737;cd
s115612;Lone_Elephant_Den2;2022-01-13;2022;serenas;724875;9839737;cd
s115617;Lone_Elephant_Den_3;2022-01-21;2022;serenas;724854;9839665;d
s115646;Lone_Elephant_Den_4;2022-03-13;2022;serenas;724824;9839786;d
s115680.1;Dawn_Den;2022-05-16;2022;serenas;725153;9840668;cd
s115771;Dawn_Den_2;2022-07-27;2022;serenas;725266;9840651;cd
s115804;Lone_Elephant_Den;2022-08-26;2022;serenas;724765;9839596;cd
s115842;Superstar_Den_2;2022-09-20;2022;serenas;724791;9840072;cd
s115893;Lugga_Den_III;2022-04-01;2022;happyzebra;718592;9844639;cd
s115904;Lugga_Den;2022-05-20;2022;happyzebra;718649;9844548;cd
s115920;Buffalo_Den;2022-06-13;2022;happyzebra;719627;9837833;d
s115931;Lugga_Den_4;2022-06-16;2022;happyzebra;718622;9844671;d
S115955;Saito's_Den_2;2022-10-01;2022;serenas;724929;9840470;cd
S116000;Mars_Den;2022-10-13;2022;serenas;723417;9840596;d
S116002;Saito's_Den;2022-10-14;2022;serenas;725054;9840520;cd
S116200;Scenic_Den;2022-12-06;2022;serenas;722522;9841425;cd
S116267;Crunk_Den_8;2022-10-03;2022;serenan;718181;9849203;cd
S116273;J_Fab_Den;2022-10-12;2022;serenan;718389;9849092;cd
S116301;Diagon_Alley_Den_II;2022-11-20;2022;serenan;717981;9849311;cd
S116332;Lugga_Den_II;2022-10-03;2022;happyzebra;718642;9844590;cd
S116333;Lilac_Breasted_Roller_Den;2022-10-03;2022;happyzebra;714856;9847447;cd
S116352;Wapi_Dave_Den;2022-10-24;2022;happyzebra;714577;9847556;cd
s116506;Big_Sky_Den_2;2023-01-07;2023;serenas;725618;9841109;cd
s116540;Dudu_Den;2023-01-09;2023;serenas;725634;9840969;cd
s116551;South_Den;2023-01-10;2023;serenas;724375;9842053;cd
s116713.1;Big_Sky_Den;2023-01-20;2023;serenas;725670;9841131;cd
s116798;Big_Bush_Communal_Den;2023-01-25;2023;serenas;748061;9838502;d
s116940;Bird_Bath_Den;2023-02-23;2023;serenas;725337;9841541;cd
s117075;Changra_Den;2023-01-07;2023;serenan;718635;9849330;cd
s117099;Wild_Berry_Den;2023-01-14;2023;serenan;718776;9849282;cd
s117123;Changra_Den_2;2023-01-23;2023;serenan;718673;9849323;cd
s117124;Judith_Den;2023-01-23;2023;serenan;718861;9849286;cd
s117167;Ollivander's_Den;2023-02-04;2023;serenan;719224;9848877;cd
s117284;The_Burrow_Den;2023-03-29;2023;serenan;719609;9848844;cd
s117299;Migration_Den_3;2023-01-07;2023;happyzebra;719817;9837650;cd
s117303;Migration_Den_2;2023-01-09;2023;happyzebra;719675;9837753;cd
s117317;Migration_Den;2023-01-16;2023;happyzebra;719721;9937675;cd
s117343;Coincidence_D;2023-01-28;2023;happyzebra;719522;9837495;cd
s117347;Coincidence_Den_2;2023-02-01;2023;happyzebra;719576;9837606;cd
s117374;Migration_Den_4;2023-02-24;2023;happyzebra;719680;9837699;cd
s1174;Grand_Theft_Auto_Den;2010-09-12;2010;happyzebra;717033;9844406;cd
s1183;Arson_Den;2010-09-15;2010;happyzebra;717309;9844189;cd
s1184;Homicide_Den;2010-09-15;2010;happyzebra;717090;9844193;cd
s11933;FML_Den;2013-10-09;2013;serenas;725171;9841252;cd
s1200;Vandalism_Den;2010-10-03;2010;happyzebra;717253;9844123;cd
s12039;Boone_Den;2013-11-28;2013;serenas;725499;9840852;cd
s12073;Smoke_Monster_Den;2013-12-05;2013;serenas;725574;9841261;cd
s12140;Rousseau_Den;2013-12-28;2013;serenas;725441;9840912;cd
s12154;Windsor_Den;2013-01-05;2013;happyzebra;716432;9842596;cd
s12211;Amazon_Den;2013-03-11;2013;happyzebra;719656;9838561;cd
s1222;Larceny_Den;2010-10-27;2010;happyzebra;717242;9843722;cd
s12381;Gettysburg_Den;2013-07-15;2013;happyzebra;719322;9840190;cd
s12403;Schmuzty_Den;2013-07-27;2013;happyzebra;720201;9839904;cd
s12433;Schmuck_Den;2013-08-10;2013;happyzebra;720374;9839933;cd
s12464;Oy_Vey_Den;2013-08-28;2013;happyzebra;721091;9840261;cd
s12477;Mashugana_Den;2013-09-08;2013;happyzebra;721208;9840487;cd
s12479;Mashugana_Den_II;2013-09-09;2013;happyzebra;721189;9840596;cd
s12493;Bubula_Den;2013-10-01;2013;happyzebra;720534;9840559;cd
s1251;Gila_River_Den_II;2010-11-23;2010;happyzebra;716426;9843696;cd
s12690;Windsor_Den;2014-01-05;2014;happyzebra;716432;9842596;cd
s1270;Gila_River_Den;2010-12-13;2010;happyzebra;716307;9843668;cd
s12744;Tigris_Den;2014-02-09;2014;happyzebra;719693;9838330;cd
s1278;Gila_River_Den_III;2010-12-16;2010;happyzebra;716452;9843748;cd
s13059.1;Cannibal_Cami_Den;2014-09-22;2014;happyzebra;718608;9836934;cd
s13069;Whooping_Cami_Den;2014-10-08;2014;happyzebra;718655;9836894;cd
s13200;Schiphol_Den;2014-01-04;2014;serenan;723441;9844921;cd
s1325;Airstrip_Den;2008-07-06;2008;serenan;723463;9844931;d
s1337;Redemption_Den;2008-07-10;2008;serenan;722500;9844773;cd
s134;Holy_Grail_Den_II;2008-09-18;2008;happyzebra;718859;9840103;cd
s13557.1;DeGaulle_Den;2014-03-21;2014;serenan;723652;9844975;cd
s13802;Uji_Den;2014-05-03;2014;serenan;723067;9846159;cd
s1407;Runway_Den;2008-08-01;2008;serenan;723060;9844579;cd
s1408;Runway_Den_II;2008-08-01;2008;serenan;723179;9844719;cd
s14247;IAT_Den;2014-08-28;2014;serenan;718355;9849119;cd
s1426;Wanderlust_Den;2008-08-09;2008;serenan;722573;9844992;cd
s14281;Bright_Eyes_Den;2014-09-09;2014;serenan;718430;9848948;cd
s14283;Bordello_Den;2014-09-10;2014;serenan;721485;9847576;cd
s14320;Crunk_Den;2014-09-22;2014;serenan;718375;9849268;cd
s14361;J_Fab_Den;2014-10-13;2014;serenan;718389;9849092;cd
s14544;Rousseau_Den;2014-01-03;2014;serenas;725441;9840912;cd
s1455;Bakery_Den;2008-08-24;2008;serenan;722709;9844770;cd
s14640;Boone_Den;2014-02-18;2014;serenas;725499;9840852;cd
s14821;Claire_Den;2014-04-24;2014;serenas;725383;9840846;cd
s14828;Mr._Eko_Den;2014-04-25;2014;serenas;725291;9840944;cd
s14844;FML_Den;2014-05-03;2014;serenas;725171;9841252;cd
s14913;Temple_of_Artemis_Den;2014-06-09;2014;serenas;724900;9841254;cd
s14928;Zeus_Den;2014-06-17;2014;serenas;724943;9841096;cd
s15008;Polar_Bear_Den;2014-07-18;2014;serenas;725352;9840838;cd
s15054;Oceanic_Den;2014-08-26;2014;serenas;725466;9841032;cd
s15101.4;Jackson's_Hole_Den;2014-09-15;2014;serenas;725657;9841081;cd
s15103;Dudu_Den;2014-09-20;2014;serenas;725634;9840969;cd
s15104;Big_Sky_Den;2014-09-20;2014;serenas;725670;9841131;cd
s15117;Summit_Den;2014-10-06;2014;serenas;726881;9841004;cd
s15300;Oceanic_Den;2015-01-01;2015;serenas;725466;9841032;cd
s15305;Dudu_Den;2015-01-02;2015;serenas;725634;9840969;cd
s15377;Sawyer_Den;2015-01-28;2015;serenas;725256;9840952;cd
s15399;Colossus_of_Rhodes_Den;2015-02-05;2015;serenas;725114;9841436;cd
s1550;Heathrow_Den;2008-10-11;2008;serenan;719087;9840152;cd
s15506;Hanging_Gardens_Den;2015-03-05;2015;serenas;724783;9841530;cd
s15537;Defenestrate_Den;2015-03-13;2015;serenas;725405;9841812;cd
s15596;IAT_Den;2015-01-03;2015;serenan;718355;9849119;cd
s15657;J_Fab_Den;2015-01-16;2015;serenan;718389;9849092;cd
s16011;Whooping_Cami_Den;2015-01-02;2015;happyzebra;718655;9836894;cd
s16031;Summit_Den;2015-01-10;2015;happyzebra;726881;9841004;cd
s16256;Euphrates_Den;2015-03-14;2015;happyzebra;719599;9838284;cd
s16324;Tigris_Den;2015-03-26;2015;happyzebra;719693;9838330;cd
s16334;Cannibal_Cami_Den;2015-04-06;2015;happyzebra;718608;9836934;cd
s16393;Oodelali_Den;2015-04-07;2015;serenan;718352;9849222;cd
s16724;Guava_Den;2015-04-25;2015;serenas;725917;9842387;cd
s16726;Moat_Den;2015-04-25;2015;serenas;724573;9842044;cd
s16747;Portcullis_Den;2015-05-02;2015;serenas;724448;9842095;d
s16800;Ugli_Den;2015-06-07;2015;serenas;726305;9842484;d
s16870;Moonset_Den;2015-07-31;2015;happyzebra;720892;9838075;d
s16954;Nogales_Den;2015-09-15;2015;happyzebra;716267;9842643;cd
s17089;Albatross_Den;2015-08-08;2015;serenan;718494;9849303;cd
s17109;Schiphol_Den;2015-08-13;2015;serenan;723441;9844921;cd
s17658;Kit_Kat_Den;2015-12-13;2015;serenas;726433;9842488;cd
s1766;DeGaulle_Den;2009-01-26;2009;serenan;723652;9844975;cd
s17709;Twix_Den;2015-12-22;2015;serenas;726356;9842540;cd
s17773;Meatloaf_Den;2015-10-07;2015;happyzebra;715241;9843545;cd
s17775;Windsor_Den;2015-10-07;2015;happyzebra;716432;9842596;cd
s1778;DeGaulle_Den_II;2009-01-31;2009;serenan;723670;9844868;cd
s18137;Twix_Den;2016-01-03;2016;serenas;726356;9842540;cd
s18158;Defenestrate_Den;2016-01-06;2016;serenas;725405;9841812;cd
s18356;Kit_Kat_Den;2016-02-20;2016;serenas;726433;9842488;cd
s18545;IAT_Den;2016-01-03;2016;serenan;718355;9849119;cd
s18860;J_Fab_Den;2016-03-21;2016;serenan;718389;9849092;cd
s18943;Houdini_Den;2016-02-26;2016;happyzebra;716763;9843937;cd
s190;Coincidence_D;2008-10-08;2008;happyzebra;719522;9837495;cd
s1914;Runway_Den;2009-04-02;2009;serenan;723060;9844579;cd
s19223;Oodelali_Den;2016-04-12;2016;serenan;718352;9849222;cd
s19480;Ollivander's_Den;2016-06-28;2016;serenan;719224;9848877;cd
s19884;Colossus_of_Rhodes_Den;2016-07-14;2016;serenas;725114;9841436;cd
s19898.1;FML_Den;2016-07-22;2016;serenas;725171;9841252;cd
s20027;Ilvermorny_Den;2016-08-06;2016;serenan;719409;9848777;cd
s20198.1;Portcullis_Den;2016-12-21;2016;serenas;724448;9842095;d
s20228;Moat_Den;2016-08-20;2016;serenas;724573;9842044;cd
s20262.1;Bastion_Den;2016-08-29;2016;serenas;724676;9842170;cd
s20305;Turret_Den;2016-09-09;2016;serenas;724950;9842127;cd
s20378.1;Cacophony_Den;2016-07-31;2016;happyzebra;716718;9843752;cd
s20415;Hullabaloo_Den;2016-08-19;2016;happyzebra;716721;9843423;cd
s20429;Uproar_Den;2016-08-24;2016;happyzebra;716771;9843244;cd
s20437;Clamor_Den;2016-08-30;2016;happyzebra;716904;9843283;cd
s20468;Hubbub_Den;2016-09-18;2016;happyzebra;716847;9843520;cd
s20472;Extortion_Den;2016-09-21;2016;happyzebra;717163;9843805;cd
s20488;Judith_Den2;2016-10-03;2016;serenan;718910;9849244;cd
s20520;Judith_Den;2016-10-14;2016;serenan;718861;9849286;cd
s20821;Tiny_Violet_Princess_Den;2016-10-08;2016;happyzebra;716339;9843900;cd
s20851;Nogales_Den;2016-10-28;2016;happyzebra;716267;9842643;cd
s20863;Windsor_Den;2016-11-05;2016;happyzebra;716432;9842596;cd
s20897;Calexico_Den;2016-12-08;2016;happyzebra;716384;9842738;cd
s20943;Judith_Den;2017-01-01;2017;serenan;718861;9849286;cd
s21007;J_Fab_Den;2017-02-09;2017;serenan;718389;9849092;cd
s21018;IAT_Den;2017-02-19;2017;serenan;718355;9849119;cd
s21061;Portcullis_Den;2017-01-01;2017;serenas;724448;9842095;d
s21063;Moat_Den;2017-01-05;2017;serenas;724573;9842044;cd
s21133;TSA_Den;2017-02-18;2017;serenas;724439;9841751;cd
s21144;Bastion_Den;2017-02-25;2017;serenas;724676;9842170;cd
s21153;Hanging_Gardens_Den;2017-03-07;2017;serenas;724783;9841530;cd
s21185;Windsor_Den;2017-01-02;2017;happyzebra;716432;9842596;cd
s21194;Texarkana_Den;2017-01-07;2017;happyzebra;716373;9842739;cd
s21289;Angry_Ele_Den;2017-03-17;2017;happyzebra;718523;9844405;cd
s21523;Defenestrate_Den2;2017-05-05;2017;serenas;725495;9841916;cd
s21530;Ugli_Den;2017-05-08;2017;serenas;726305;9842484;d
s21641;Suzi_Den_3;2017-06-19;2017;serenas;726324;9842426;cd
s2171;Airstrip_Den;2009-07-17;2009;serenan;723463;9844931;d
s21753;Angry_Ele_Den_2;2017-05-07;2017;happyzebra;718503;9844377;cd
s21795;Lugga_Den;2017-06-12;2017;happyzebra;718649;9844548;cd
s21823;Lugga_Den2;2017-06-21;2017;happyzebra;718624;9844590;cd
s21856.1;Lugga_Den_lll;2017-07-15;2017;happyzebra;718592;9844639;cd
s21937;Suzi_Den;2017-07-02;2017;serenas;726298;9842460;cd
s22032;Mango_Den_ll;2017-07-22;2017;serenas;726233;9842257;cd
s22044;Bberry_Den;2017-07-24;2017;serenas;725937;9841648;cd
s22047;Precipice_Den_ll;2017-07-25;2017;serenas;726027;9841858;cd
s22058;Precipice_Den;2017-07-28;2017;serenas;726069;9841910;cd
s22185;Rang_Natal_Den;2017-09-14;2017;serenas;726091;9842140;d
s2232;Seatac_Den;2009-08-04;2009;serenan;723326;9844804;cd
s22332;Bright_Eyes_Den_ll;2017-07-21;2017;serenan;718276;9848942;cd
s22344;Bright_Eyes_Den;2017-07-22;2017;serenan;718430;9848948;cd
s22427.1;Kabbalah_Den;2017-08-09;2017;serenan;718423;9849180;cd
s22442;Diagon_Alley_Den;2017-08-16;2017;serenan;717949;9849283;cd
s22507;Diagon_Alley_Den_II;2017-09-17;2017;serenan;717981;9849311;cd
s2251;Redemption_Den;2009-08-13;2009;serenan;722500;9844773;cd
s22512;Gringotts_Den;2017-09-21;2017;serenan;718155;9849595;cd
s22938;Whomping_Willow_Den;2017-12-22;2017;serenan;718529;9849152;cd
s2294;Soda_Fountain_Den;2009-09-10;2009;serenan;718914;9851295;cd
s22986.1;Meatloaf_Den;2017-11-28;2017;happyzebra;715241;9843545;cd
s23017;Meatloaf_Den;2018-01-07;2018;happyzebra;715241;9843545;cd
s23065;Whomping_Willow_Den;2018-01-07;2018;serenan;718529;9849152;cd
s23145;IAT_Den;2018-02-19;2018;serenan;718355;9849119;cd
s23170;J_Fab_Den;2018-03-24;2018;serenan;718389;9849092;cd
s23182;Precipice_Den;2018-01-06;2018;serenas;726069;9841910;cd
s23200;Precipice_Den_ll;2018-01-13;2018;serenas;726027;9841858;cd
s23286;Precipice_Den_III;2018-02-26;2018;serenas;726025;9841891;cd
s23371;Precipice_Den_II;2018-04-08;2018;serenas;726027;9841858;cd
s23457;Crunk_Den;2018-04-22;2018;serenan;718375;9849268;cd
s23457.2;Kabbalah_Den;2018-04-22;2018;serenan;718423;9849180;cd
s23516.1;Crunk_Den_2;2018-05-11;2018;serenan;718357;9849270;cd
s23542;Albatross_Den;2018-05-28;2018;serenan;718494;9849303;cd
s23652;Mtafiti_Fisi_Good_Day_Den;2018-05-31;2018;happyzebra;717251;9842925;d
s23734;All_Hallows'_Eve_Den;2018-07-14;2018;serenan;720265;9848034;cd
s23781;Some_Freaky_Lions_Den;2018-08-04;2018;serenan;719768;9848458;cd
s23920;FML_Den;2018-07-02;2018;serenas;725171;9841252;cd
s24067;Culvert_City_Den;2018-07-06;2018;happyzebra;718169;9842580;cd
s24097;Wapi_Dave_Den;2018-08-06;2018;happyzebra;714577;9847556;cd
s24302;Crunk_Den_II;2018-11-24;2018;serenan;718357;9849270;cd
s24343;Gringotts_Den_2;2018-12-05;2018;serenan;718197;9849416;cd
s2436;IAT_Den;2009-12-23;2009;serenan;718355;9849119;cd
s24692;Ollivander's_Den_2;2019-01-12;2019;serenan;719198;9848864;cd
s2477;Redemption_Den;2010-01-28;2010;serenan;722500;9844773;cd
s249;CERN_Den;2008-11-20;2008;happyzebra;719534;9838825;cd
s2983;Unremarkable_Den;2010-07-06;2010;serenan;722850;9847268;cd
s3041;Mag_Den;2010-08-13;2010;serenan;719366;9850839;cd
s3051;Gryffindor_Den;2010-08-18;2010;serenan;719173;9851289;cd
s3062;Slytherin_Den;2010-08-25;2010;serenan;719259;9850909;cd
s3070;Ravenclaw_Den;2010-08-31;2010;serenan;719000;9851018;cd
s3084;Hufflepuff_Den;2010-09-09;2010;serenan;718886;9851135;cd
s3092;Durmstrang_Den;2010-09-14;2010;serenan;719067;9851012;cd
s3100;Beauxbatons_Den;2010-09-17;2010;serenan;718987;9850937;cd
s3117;Diagon_Alley_Den;2010-10-04;2010;serenan;717949;9849283;cd
s314;CERN_Den;2009-01-01;2009;happyzebra;719534;9838825;cd
s3142;Schiphol_Den;2010-10-17;2010;serenan;723441;9844921;cd
s3156;Hogshead_Den;2010-10-23;2010;serenan;717723;9849485;cd
s3169;Chamber_of_Secrets_Den;2010-10-28;2010;serenan;717726;9849379;cd
s3185;3_Broomsticks_Den;2010-11-05;2010;serenan;717702;9849474;cd
s3203;IAT_Den;2010-11-13;2010;serenan;718355;9849119;cd
s3286;Ollivander's_Den;2010-12-15;2010;serenan;719224;9848877;cd
s3337;South_Den;2008-11-16;2008;serenas;724375;9842053;cd
s3382;Railroad_Den;2008-12-08;2008;serenas;724422;9841651;cd
s3414;Railroad_Den;2009-01-16;2009;serenas;724422;9841651;cd
s3431;Hanging_Gardens_Den;2009-01-27;2009;serenas;724783;9841530;cd
s354;Amazon_Den;2009-02-11;2009;happyzebra;719656;9838561;cd
s3576.1;Suzi_Den;2009-05-02;2009;serenas;726298;9842460;cd
s3591;Suzi_Den_II;2009-05-12;2009;serenas;726321;9842497;cd
s3633;Ice_Age_Den;2009-06-03;2009;serenas;727052;9842117;cd
s3640;Elm_Street_Den;2009-06-06;2009;serenas;726446;9842434;cd
s3699;The_Hatch_Den;2009-07-27;2009;serenas;727333;9840695;cd
s3720;Orchid_Den;2009-08-10;2009;serenas;725445;9840897;cd
s3734;Hydra_Den;2009-08-18;2009;serenas;725559;9840851;cd
s3779;Pearl_Den;2009-08-30;2009;serenas;725783;9840988;cd
s3802;Oceanic_Den;2009-09-11;2009;serenas;725466;9841032;cd
s3819;Jackson's_Hole_Den;2009-10-05;2009;serenas;725657;9841081;cd
s3836;Big_Sky_Den;2009-10-24;2009;serenas;725670;9841131;cd
s3859;Foggy_Den;2009-11-07;2009;serenas;724958;9840745;cd
s3892;Snowbird_Den;2009-11-28;2009;serenas;725146;9840846;cd
s3921;Dudu_Den;2009-12-20;2009;serenas;725634;9840969;cd
s3958;Orchid_Den;2010-01-02;2010;serenas;725445;9840897;cd
s3962;Dudu_Den;2010-01-05;2010;serenas;725634;9840969;cd
s3970;Jackson's_Hole_Den;2010-01-13;2010;serenas;725657;9841081;cd
s3977;Oceanic_Den;2010-01-15;2010;serenas;725466;9841032;cd
s4077;Submarine_Den;2010-03-31;2010;serenas;725144;9840834;d
s4164;Polar_Bear_Den;2010-05-07;2010;serenas;725352;9840838;cd
s4180;Dharma_Den;2010-05-15;2010;serenas;725495;9840858;cd
s4184;Pearl_Den;2010-05-25;2010;serenas;725783;9840988;cd
s4227;Foggy_Den;2010-06-07;2010;serenas;724958;9840745;cd
s4328;Hurley_Den;2010-07-29;2010;serenas;725185;9840831;cd
s4333;Locke_Den;2010-07-08;2010;serenas;725145;9840826;cd
s4352;Hallelujah_Den;2010-08-22;2010;serenas;723071;9841425;cd
s4380;Rivendell_Den;2010-09-21;2010;serenas;723719;9841457;cd
s4393;Snowbird_Den;2010-10-10;2010;serenas;725146;9840846;cd
s4395;Sawyer_Den;2010-10-15;2010;serenas;725256;9840952;cd
s4407;Boone_Den;2010-10-20;2010;serenas;725499;9840852;cd
s4447;FML_Den;2010-11-12;2010;serenas;725171;9841252;cd
s459;Holy_Grail_Den;2009-04-01;2009;happyzebra;719087;9840152;cd
s4605;Lighthouse_Den;2010-12-28;2010;serenas;727206;9840510;cd
s4645;Sawyer_Den;2011-01-04;2011;serenas;725256;9840952;cd
s4646;Lighthouse_Den;2011-01-04;2011;serenas;727206;9840510;cd
s4661;Heath_Den;2011-01-06;2011;serenas;726486;9842170;cd
s4791;Ajira_Den;2011-01-29;2011;serenas;727214;9840612;cd
s4810;The_Staff_Den;2011-02-03;2011;serenas;727253;9840510;cd
s4914;Suzi_Den;2011-03-07;2011;serenas;726298;9842460;cd
s4927;Reese's_Den;2011-03-13;2011;serenas;726279;9842474;cd
s5002;Ice_Age_Den;2011-04-26;2011;serenas;727052;9842117;cd
s5008;Kit_Kat_Den;2011-05-02;2011;serenas;726433;9842488;cd
s5047;Twix_Den;2011-05-19;2011;serenas;726356;9842540;cd
s5058;Suzi_Den_II;2011-05-22;2011;serenas;726321;9842497;cd
s5165;Milky_Way_Den_Deleted;2011-07-01;2011;serenas;726313;9842410;cd
s5213;The_Hatch_Den;2011-07-11;2011;serenas;727333;9840695;cd
s5945;Schiphol_Den;2011-01-05;2011;serenan;723441;9844921;cd
s5947;Ollivander's_Den;2011-01-05;2011;serenan;719224;9848877;cd
s5961;Helsinki_Den;2011-01-08;2011;serenan;719644;9851282;cd
s5982;Oslo_Den;2011-01-19;2011;serenan;719597;9851224;cd
s5989.1;Stockholm_Den;2011-01-21;2011;serenan;719632;9851320;cd
s6023;Copenhagen_Den;2011-01-28;2011;serenan;719620;9851394;cd
s6034;Tallinn_Den;2011-01-30;2011;serenan;719639;9851358;cd
s6074;Reykjavik_Den;2011-02-07;2011;serenan;719658;9851418;cd
s6128.1;Gothenburg_Den;2011-02-28;2011;serenan;719679;9851370;cd
s6128.3;Aarhus_Den;2011-02-28;2011;serenan;719884;9851382;cd
s6130.7;Moscow_Den;2011-03-05;2011;serenan;719942;9851358;cd
s6213.1;St_Petersburg_Den;2011-03-31;2011;serenan;719940;9851218;cd
s6265;Nyumba_Ndege_Den;2011-04-22;2011;serenan;724224;9846508;cd
s6266;Scrapple_Den;2011-04-22;2011;serenan;724111;9846482;cd
s6470;Grits_Den;2011-06-11;2011;serenan;724180;9846138;cd
s6576;Crepes_Den;2011-06-26;2011;serenan;724243;9846030;cd
s6746;Frittata_Den;2011-07-23;2011;serenan;723884;9846260;cd
s6782;Chex_Den;2011-07-29;2011;serenan;723983;9846130;cd
s6866;Bergen_Den;2011-08-24;2011;serenan;720253;9851464;cd
s6916;Vaasa_Den;2011-09-13;2011;serenan;720189;9851280;cd
s6923;Kolding_Den;2011-09-17;2011;serenan;720256;9851264;cd
s7058;Salander_Den;2011-10-26;2011;serenan;720032;9850724;cd
s7138;Riga_Den;2011-11-12;2011;serenan;720119;9850866;cd
s7242;Gila_River_Den_III;2011-01-03;2011;happyzebra;716452;9843748;cd
s7243;Gila_River_Den_II;2011-01-03;2011;happyzebra;716426;9843696;cd
s725;Holy_Grail_Den_II;2009-08-03;2009;happyzebra;718859;9840103;cd
s7280;Sweetgrass_Den;2011-01-22;2011;happyzebra;716351;9844270;cd
s7281;Sault_St._Marie_Den;2011-01-25;2011;happyzebra;716352;9844324;cd
s7286;Cocobeach_Den;2011-02-13;2011;happyzebra;716199;9844306;cd
s7290;Strasbourg_Den;2011-02-13;2011;happyzebra;716325;9844272;cd
s7291;Kinshasa_Den;2011-02-13;2011;happyzebra;716290;9844312;cd
s7301;Vaasa_Den;2012-01-26;2012;serenan;720189;9851280;cd
s7334;Hit_and_Run_Den;2011-03-10;2011;happyzebra;716588;9845972;cd
s7338;Embezzlement_Den;2011-03-12;2011;happyzebra;716439;9845940;cd
s7352;Driving_under_the_Influence_Den;2011-03-26;2011;happyzebra;716653;9846058;cd
s7366;Grand_Theft_Auto_Den;2011-04-10;2011;happyzebra;717033;9844406;cd
s7384;Alamo_Den;2011-05-10;2011;happyzebra;719098;9840106;cd
s750;Tijuana_Den;2009-08-18;2009;happyzebra;716446;9842598;cd
s7522;Holy_Grail_Den;2011-07-08;2011;happyzebra;719087;9840152;cd
s7653;Nogales_Den;2011-10-23;2011;happyzebra;716267;9842643;cd
s7655;Windsor_Den;2011-10-31;2011;happyzebra;716432;9842596;cd
s7931;Malmö_Den;2012-06-30;2012;serenan;720175;9851218;cd
s795;Juarez_Den;2009-09-11;2009;happyzebra;716375;9842579;cd
s802;Nogales_Den;2009-09-18;2009;happyzebra;716267;9842643;cd
s8058;Krakow_Den;2012-07-30;2012;serenan;719919;9851134;cd
s8164;Guca_Den;2012-03-09;2012;serenan;720474;9851196;cd
s8322;Belgrade_Den;2012-08-29;2012;serenan;719841;9851154;cd
s8323;Budapest_Den;2012-08-29;2012;serenan;719781;9851170;cd
s8383;J_Fab_Den;2012-10-22;2012;serenan;718389;9849092;cd
s8591;Merry_Christmas_Den;2012-12-27;2012;serenan;719746;9847140;cd
s8600;The_Hatch_Den;2012-01-01;2012;serenas;727333;9840695;cd
s8736;Kahana_Den;2012-03-05;2012;serenas;727319;9840910;cd
s874;Gila_River_Den;2009-11-06;2009;happyzebra;716307;9843668;cd
s8787;Flashforward_Den;2012-03-30;2012;serenas;727377;9840658;cd
s9147;Oxytocin_Den;2012-09-06;2012;serenas;724934;9841116;cd
s9432.1;Windsor_Den;2012-01-02;2012;happyzebra;716432;9842596;cd
s9521;Calexico_Den;2012-04-02;2012;serenas;716384;9842738;cd
s9658;Mexicalli_Den;2012-09-03;2012;happyzebra;716255;9842748;cd
s9676;Nogales_Den;2012-09-22;2012;happyzebra;716267;9842643;cd
s9801;Juarez_Den;2012-10-05;2012;happyzebra;716375;9842579;cd
s9838;Merry_Christmas_Den;2013-01-01;2013;serenan;719746;9847140;cd
s9877;Happy_New_Year_Den;2013-01-19;2013;serenan;719821;9847114;cd
t100118;Big_Bush_Communal_Den;2017-06-15;2017;talek;748061;9838502;d
t100155;Big_Bush_Den;2017-07-02;2017;talek;748061;9838502;d
t100156;Resurrection_Main_Den;2017-07-02;2017;talek;747453;9838546;cd
t100249;Dicks_Den;2017-07-20;2017;talek;747390;9837245;cd
t100321;DOC_Den_2;2017-07-29;2017;talek;747700;9837031;cd
t100331;Den_One_Creek_Den_Complex;2017-07-29;2017;talek;747634;9837096;d
t100511;Flintstone_Den;2017-08-26;2017;talek;747000;9837149;d
t101366;Farmer's_Den;2017-11-14;2017;talek;739847;9835373;cd
t101679.10;Flintstone_Den;2018-01-03;2018;talek;747000;9837149;d
t101814.10;Resurrection_Main_Den;2018-01-24;2018;talek;747453;9838546;cd
t101838.10;Resurrection_Communal_Den;2018-01-30;2018;talek;747569;9838508;d
t102016.10;Mountaineer_Den;2018-02-21;2018;talek;747043;9838583;d
t102125;Central_Park_Communal_Den;2018-03-27;2018;talek;746472;9838970;d
t104118;Cliff_Den;2018-08-13;2018;talek;746018;9837982;d
t104223;Magic_Bush_Den;2018-09-06;2018;talek;746745;9838653;d
t104654;Nimekufa_Kindani_Den;2018-11-08;2018;talek;742941;9831923;d
t105443;Resurrection_Communal_Den;2019-01-03;2019;talek;747569;9838508;d
t105460;Resurrection_Main_Den;2019-01-05;2019;talek;747453;9838546;cd
t105474;Special_Den;2019-01-07;2019;talek;743992;9831975;d
t105539;Doom's_Day_Den_2;2019-01-13;2019;talek;746900;9838610;d
t105887;Cliff_Den;2019-02-19;2019;talek;746018;9837982;d
t105983;Cliff_Den_2;2019-03-01;2019;talek;746082;9837966;d
t106054;Landscape_Den;2019-03-10;2019;talek;744658;9833984;d
t106917;Landscape_Den_2;2019-04-12;2019;talek;744819;9833984;d
t107048;Villa_Den;2019-05-01;2019;talek;744705;9834929;d
t107551;Villa_Den_2;2019-06-25;2019;talek;744689;9835065;d
t108115;Confusing_Den_2;2019-07-16;2019;talek;744327;9831969;d
t108135;Confusing_Den;2019-07-19;2019;talek;744211;9832288;d
t108166;Confusing_Den_3;2019-07-25;2019;talek;744260;9831828;d
t108498;Greenland_Den;2019-09-14;2019;talek;743636;9832955;d
t111322;NUDI's_Den;2019-10-04;2019;talek;744086;9832317;d
t111328;Dave_Den;2019-10-06;2019;talek;747491;9837478;d
t111355;Dave's_Den;2019-10-10;2019;talek;747491;9837478;cd
t111381;Croton_Edge_Communal_Den;2019-10-16;2019;talek;746952;9837148;d
t111510;NUDI's_Den_2;2019-11-05;2019;talek;744117;9832275;d
t111869;Big_Bush_Communal_Den;2020-01-03;2020;talek;748061;9838502;d
t111991;Acacia_Den;2020-02-10;2020;talek;749375;9838582;d
t119991;Acacia_Den;2021-08-02;2021;talek;749375;9838582;d
t29821.4;Aardwolf_Communal_Den;2001-11-09;2001;talek;745294;9838050;d
t32073;Plantation_Den;2002-04-01;2002;talek;746293;9839498;d
t34130;Olosogon_West_Bank_Natal_Den;2002-07-03;2002;talek;754909;9835790;d
t34245;Fever_Tree_Natal_Den/Communal_Den_Complex;2002-07-08;2002;talek;753681;9837484;d
t35797;Sunrise_Valley_Communal_Den/Natal_Den;2002-09-28;2002;talek;753524;9837427;d
t36797;Fever_Tree_Natal_Den/Communal_Den_Complex;2003-01-02;2003;talek;753681;9837484;d
t36831;Plantation_Den;2003-01-06;2003;talek;746293;9839498;d
t37451;Base_Natal_Den/Communal_Den;2003-03-07;2003;talek;746442;9838893;d
t37828;Resurrection_Communal_Den;2003-04-12;2003;talek;747569;9838508;d
t38685;Doom's_Day_Den;2003-07-20;2003;talek;747037;9838562;d
t38777;Magic_Bush_Den;2003-07-30;2003;talek;746745;9838653;d
t38853;Tumo_Hill_Den;2003-08-05;2003;talek;752769;9838944;d
t39094;Sunrise_Valley_Communal_Den/Natal_Den;2003-09-05;2003;talek;753524;9837427;d
t394;Plantation_Den;1989-02-20;1989;talek;746293;9839498;d
t40009;Paradise_Den;2003-11-24;2003;talek;746378;9836793;d
t40386;Aardwolf_Communal_Den;2003-12-26;2003;talek;745294;9838050;d
t43461;Fever_Tree_Natal_Den/Communal_Den_Complex;2004-01-01;2004;talek;753681;9837484;d
t43469;Aardwolf_Communal_Den;2004-01-02;2004;talek;745294;9838050;d
t43814;Ranger_Den;2004-02-06;2004;talek;745281;9840331;d
t44085;No_See_Em_Den;2004-03-02;2004;talek;744984;9840806;d
t48034;Plantation_Den;2004-05-31;2004;talek;746293;9839498;d
t48547;Sunrise_Valley_Communal_Den/Natal_Den;2004-07-13;2004;talek;753524;9837427;d
t48862;Paradise_Den;2004-08-11;2004;talek;746378;9836793;d
t48913;Holiday_Communal_Den;2004-08-17;2004;talek;746505;9836828;d
t50665;Ranger_Den;2005-01-05;2005;talek;745281;9840331;d
t50792;Kinda-See-Em_Den;2005-01-11;2005;talek;745124;9840497;d
t50832;No_See_Em_Den;2005-01-13;2005;talek;744984;9840806;d
t52211;Tumo_Hill_Den;2005-04-15;2005;talek;752769;9838944;d
t52759;FM_Den;2005-05-14;2005;talek;752888;9838905;d
t53369;Sunrise_Valley_Communal_Den/Natal_Den;2005-07-16;2005;talek;753524;9837427;d
t53370;Summer_Den;2005-07-16;2005;talek;753495;9837319;d
t53586;Over_the_River_Den;2005-07-30;2005;talek;753542;9837353;d
t54214;Fever_Tree_Natal_Den/Communal_Den_Complex;2005-09-06;2005;talek;753681;9837484;d
t55678.1;Boulevard_Den;2005-12-21;2005;talek;744985;9839134;d
t55901;Fever_Tree_Natal_Den/Communal_Den_Complex;2006-01-03;2006;talek;753681;9837484;d
t55925;Boulevard_Den;2006-01-03;2006;talek;744985;9839134;d
t56381;Kinda-See-Em_Den;2006-01-29;2006;talek;745124;9840497;d
t57362;No_See_Em_Den;2006-04-18;2006;talek;744984;9840806;d
t58112;Lala_Den;2006-06-07;2006;talek;744591;9841032;d
t58248;Green_Den;2006-06-15;2006;talek;729719;9840569;d
t58490;Sunrise_Valley_Communal_Den/Natal_Den;2006-07-03;2006;talek;753524;9837427;d
t59153;Den_of_Perfection;2006-09-12;2006;talek;746689;9836798;d
t59327;Aardwolf_Communal_Den;2006-10-14;2006;talek;745294;9838050;d
t59636;Holiday_Communal_Den;2006-11-18;2006;talek;746505;9836828;d
t59764;Roadside_Den;2006-12-11;2006;talek;746619;9836966;cd
t60036;Plantation_Den;2007-03-09;2007;talek;746293;9839498;d
t60367;Banana_Tree_Communal_Den;2007-05-05;2007;talek;740512;9859417;d
t60628;Fig_Tree_Den_2;2007-06-18;2007;talek;736615;9840574;cd
t60830;Sun_Den;2007-07-23;2007;talek;741258;9840562;d
t60895;Wicked_Den;2007-07-31;2007;talek;740636;9839896;d
t61791;Ranger_Den;2007-12-24;2007;talek;745281;9840331;d
t61821;Ranger_Den;2008-01-09;2008;talek;745281;9840331;d
t62334;Kinda-See-Em_Den;2008-04-09;2008;talek;745124;9840497;d
t62592.1;Crocodile_Den;2008-05-11;2008;talek;746043;9840060;d
t62624;Crocodile_Camp_Den;2008-05-16;2008;talek;746008;9840226;d
t62930;No_See_Em_Den;2008-06-24;2008;talek;744984;9840806;d
t63147;Boulevard_Den;2008-07-22;2008;talek;744985;9839134;d
t63743;Paradise_Den;2008-10-09;2008;talek;746378;9836793;d
t63871;Waverly_Den;2008-10-25;2008;talek;744929;9839296;d
t64040;Wayland_Den;2008-11-07;2008;talek;745254;9839856;d
t64670;Ranger_Den;2009-01-01;2009;talek;745281;9840331;d
t64783;Kinda-See-Em_Den;2009-01-11;2009;talek;745124;9840497;d
t65478;No_See_Em_Den;2009-06-08;2009;talek;744984;9840806;d
t65821;Paradise_Den;2009-07-02;2009;talek;746378;9836793;d
t65850;Holiday_Communal_Den;2009-07-06;2009;talek;746505;9836828;d
t65981;Wayland_Den;2009-07-16;2009;talek;745254;9839856;d
t66229;Croton_Edge_Communal_Den;2009-08-11;2009;talek;746952;9837148;d
t67139;Lovenest_Den;2009-10-15;2009;talek;747061;9837156;d
t67195;Lala_Den;2009-10-18;2009;talek;744591;9841032;d
t67990;Croton_Edge_Communal_Den;2010-01-13;2010;talek;746952;9837148;d
t68166;Kinda-See-Em_Den;2010-01-26;2010;talek;745124;9840497;d
t68856;Kinda_See_Em_Den_Two;2010-03-29;2010;talek;745085;9840608;cd
t69918;Crocodile_Den;2010-06-03;2010;talek;746043;9840060;d
t69937;Crocodile_Camp_Den;2010-06-05;2010;talek;746008;9840226;d
t70007;Dave's_Den;2010-06-09;2010;talek;747491;9837478;cd
t71336;No_See_Em_Den;2010-10-26;2010;talek;744984;9840806;d
t71824;Croton_Edge_Communal_Den;2011-01-01;2011;talek;746952;9837148;d
t71924;Kinda_See_Em_Den_Two;2011-01-14;2011;talek;745085;9840608;cd
t72298;Plantation_Den;2011-03-03;2011;talek;746293;9839498;d
t72363;Dave's_Den;2011-03-17;2011;talek;747491;9837478;cd
t72433;Dave_Den;2011-03-27;2011;talek;747491;9837478;d
t72593;K6_Den;2011-04-16;2011;talek;749032;9836434;d
t72595;Riverbend_Den;2011-04-17;2011;talek;748477;9838427;d
t72681;Lightning_Den;2011-04-26;2011;talek;747326;9838572;d
t72904;Resurrection_Communal_Den;2011-05-15;2011;talek;747569;9838508;d
t73644;Den_One_Creek_Den_Complex;2011-07-05;2011;talek;747634;9837096;d
t73911;Aardwolf_Communal_Den;2011-08-01;2011;talek;745294;9838050;d
t74015;Kinda-See-Em_Den;2011-08-10;2011;talek;745124;9840497;d
t74765;Dion's_Natal_Den;2011-11-05;2011;talek;747075;9837512;d
t74929;Big_Bush_Den;2011-11-29;2011;talek;748061;9838502;d
t75182;Big_Bush_Den;2012-01-01;2012;talek;748061;9838502;d
t75250;Riverbend_Den;2012-01-08;2012;talek;748477;9838427;d
t76047;Kinda_See_Em_Den_Two;2012-03-02;2012;talek;745085;9840608;cd
t76696;Resurrection_Communal_Den;2012-05-18;2012;talek;747569;9838508;d
t78084;Dave's_Den;2012-08-02;2012;talek;747491;9837478;cd
t78119;Croton_Edge_Communal_Den;2012-08-05;2012;talek;746952;9837148;d
t78545;Pothole_Den;2012-09-15;2012;talek;747622;9837700;d
t79449;Central_Park_Communal_Den;2012-11-21;2012;talek;746472;9838970;d
t80028;Central_Park_Communal_Den;2013-01-01;2013;talek;746472;9838970;d
t80208;Riverbend_Den;2013-01-20;2013;talek;748477;9838427;d
t81138;Plantation_Den;2013-06-10;2013;talek;746293;9839498;d
t81306;Dave's_Den;2013-06-22;2013;talek;747491;9837478;cd
t82696;Kinda-See-Em_Den;2013-07-05;2013;talek;745124;9840497;d
t83089;Pothole_Den;2013-07-25;2013;talek;747622;9837700;d
t83206;Resurrection_Communal_Den;2013-07-30;2013;talek;747569;9838508;d
t83382;Resurrection_Main_Den;2013-08-17;2013;talek;747453;9838546;cd
t84998;Aardwolf_Communal_Den;2013-12-26;2013;talek;745294;9838050;d
t85084;Magic_Bush_Den;2014-01-04;2014;talek;746745;9838653;d
t85278;Riverbend_Den;2014-01-16;2014;talek;748477;9838427;d
t86028;Dicks_Den;2014-03-18;2014;talek;747390;9837245;cd
t86042;Dave's_Den;2014-03-20;2014;talek;747491;9837478;cd
t86120;Dave_Den;2014-04-10;2014;talek;747491;9837478;d
t86449;Gardenia_Den;2014-05-04;2014;talek;746979;9836020;cd
t86881;Secluded_Den;2014-06-10;2014;talek;747062;9837168;cd
t86928;Yoplait_Den;2014-06-15;2014;talek;741720;9836168;cd
t86988;Den_One_Creek_Den_Complex;2014-06-24;2014;talek;747634;9837096;d
t87055;DOC_Communal_Den;2014-06-28;2014;talek;747634;9837096;d
t87314;DOC_Den_2;2014-07-15;2014;talek;747700;9837031;cd
t87427;Milkyway_Den;2014-07-28;2014;talek;742848;9835677;cd
t87466;Maggie_Den;2014-07-30;2014;talek;742990;9835692;cd
t87698;Cash_Den;2014-08-22;2014;talek;747481;9837043;cd
t87758;Pole_not_Pole_Den;2014-08-29;2014;talek;743572;9837544;cd
t87815;Singizi_Den;2014-08-31;2014;talek;747084;9835640;cd
t87966;Lucky_Leopard_Den;2014-09-13;2014;talek;742437;9836924;cd
t88769;Kinda_See_Em_Den_Three;2014-11-02;2014;talek;745114;9840561;cd
t88971;Kinda_See_Em_Den_Two;2014-11-09;2014;talek;745085;9840608;cd
t89034;Love_Stinks_Den;2014-11-11;2014;talek;741286;9836630;cd
t89372;Kinda-See-Em_Den;2014-12-04;2014;talek;745124;9840497;d
t89772;DOC_Communal_Den;2015-01-01;2015;talek;747634;9837096;d
t89915;Den_One_Creek_Den_Complex;2015-01-17;2015;talek;747634;9837096;d
t89963;Kinda-See-Em_Den;2015-01-19;2015;talek;745124;9840497;d
t90134;Riverbend_Den;2015-01-27;2015;talek;748477;9838427;d
t90210;Democracy_Den;2015-01-31;2015;talek;742067;9835491;cd
t90788;Lazy_French_Den;2015-03-15;2015;talek;741547;9835066;cd
t90831;Resurrection_Main_Den;2015-03-19;2015;talek;747453;9838546;cd
t90875;Dave's_Den;2015-03-22;2015;talek;747491;9837478;cd
t91062;Tangawizi_Den;2015-05-03;2015;talek;741030;9836512;d
t92182;Nomadic_Den;2015-08-05;2015;talek;741877;9835276;d
t92215;Sugar_Daddy_Den;2015-08-08;2015;talek;742514;9835091;d
t92219;Dicks_Den;2015-08-08;2015;talek;747390;9837245;cd
t92258;Milkyway_Den;2015-08-13;2015;talek;742848;9835677;cd
t92375;Barbie_Party_Den;2015-08-22;2015;talek;741712;9835491;d
t92758;Resurrection_Communal_Den;2015-09-26;2015;talek;747569;9838508;d
t92773;Flintstone_Den;2015-09-27;2015;talek;747000;9837149;d
t93355;Riverbend_Den;2016-01-01;2016;talek;748477;9838427;d
t93360;Resurrection_Main_Den;2016-01-01;2016;talek;747453;9838546;cd
t93518;Resurrection_Communal_Den;2016-01-14;2016;talek;747569;9838508;d
t94413;Lucky_Leopard_Den;2016-03-16;2016;talek;742437;9836924;cd
t94741;Dave's_Den;2016-04-12;2016;talek;747491;9837478;cd
t95645;Cliff_Den;2016-06-26;2016;talek;746018;9837982;d
t95846;Central_Park_Communal_Den;2016-07-08;2016;talek;746472;9838970;d
t96921;Den_One_Creek_Den_Complex;2016-10-20;2016;talek;747634;9837096;d
t96932;DOC_Communal_Den;2016-10-21;2016;talek;747634;9837096;d
t98142;Riverbend_Den;2017-01-01;2017;talek;748477;9838427;d
t98190;Dave_Den;2017-01-11;2017;talek;747491;9837478;d
t99662.1;Resurrection_Communal_Den;2017-06-11;2017;talek;747569;9838508;d
