utme;utmn;landmark_id;clan;year
718327;9835105;17km_Den;serena.n;2008
717702;9849474;3_Broomsticks_Den;serena.n;2010
719884;9851382;Aarhus_Den;serena.n;2011
749375;9838582;Acacia_Den;talek;2019
731226;9840709;Ackbar_Den;talek;2009
725623;9840924;Airplane_Den;serena.s;2014
727214;9840612;Ajira_Den;serena.s;2011
719098;9840106;Alamo_Den;happy.zebra;2011
718494;9849303;Albatross_Den;serena.n;2015
720265;9848034;All_Hallows'_Eve_Den;serena.n;2018
746470;9837032;Alternate_Aardvark_Communal_Den;talek;1996
718903;9833540;Alumni_Den;happy.zebra;2008
719656;9838561;Amazon_Den;happy.zebra;2009
718804;9844364;Ambush_Den;happy.zebra;2021
718523;9844405;Angry_Ele_Den;happy.zebra;2017
718503;9844377;Angry_Ele_Den_2;happy.zebra;2017
715027;9847714;Armani_Den;happy.zebra;2019
717309;9844189;Arson_Den;happy.zebra;2010
722709;9844770;Bakery_Den;serena.n;2008
740616;9841015;Banana_Tree_Communal_Den_2;talek;2007
741712;9835491;Barbie_Party_Den;talek;2015
746442;9838893;Base_Natal_Den/Communal_Den;talek;2003
724676;9842170;Bastion_Den;serena.s;2016
725937;9841648;Bberry_Den;serena.s;2017
718987;9850937;Beauxbatons_Den;serena.n;2010
719841;9851154;Belgrade_Den;serena.n;2012
720253;9851464;Bergen_Den;serena.n;2011
725670;9841131;Big_Sky_Den;serena.s;2009
725618;9841109;Big_Sky_Den_2;serena.s;2023
725337;9841541;Bird_Bath_Den;serena.s;2023
722792;9845795;Biscuits_n'_Gravy_Den;serena.n;2013
725499;9840852;Boone_Den;serena.s;2010
721485;9847576;Bordello_Den;serena.n;2010
744985;9839134;Boulevard_Den;talek;2005
744985;9839134;Boulevard_Den;talek;2006
724394;9842200;Bran_Den;serena.s;2017
718430;9848948;Bright_Eyes_Den;serena.n;2014
718276;9848942;Bright_Eyes_Den_ll;serena.n;2017
720534;9840559;Bubula_Den;happy.zebra;2013
719781;9851170;Budapest_Den;serena.n;2012
719627;9837833;Buffalo_Den;happy.zebra;2022
721298;9846439;Burning_Den;serena.n;2021
716718;9843752;Cacophony_Den;happy.zebra;2016
716384;9842738;Calexico_Den;happy.zebra;2012
718608;9836934;Cannibal_Cami_Den;happy.zebra;2014
719534;9838825;CERN_Den;happy.zebra;2008
717707;9844717;Challah_Den;happy.zebra;2019
717726;9849379;Chamber_of_Secrets_Den;serena.n;2010
718635;9849330;Changra_Den;serena.n;2023
718673;9849323;Changra_Den_2;serena.n;2023
723983;9846130;Chex_Den;serena.n;2011
724027;9845768;Cinnabon_Den;serena.n;2013
724870;9840956;Circe_Den;serena.s;2021
725383;9840846;Claire_Den;serena.s;2014
716904;9843283;Clamor_Den;happy.zebra;2016
746018;9837982;Cliff_Den;talek;2016
746082;9837966;Cliff_Den_2;talek;2019
716199;9844306;Cocobeach_Den;happy.zebra;2011
719522;9837495;Coincidence_D;happy.zebra;2008
719576;9837606;Coincidence_Den_2;happy.zebra;2023
725114;9841436;Colossus_of_Rhodes_Den;serena.s;2015
744211;9832288;Confusing_Den;talek;2019
744327;9831969;Confusing_Den_2;talek;2019
744260;9831828;Confusing_Den_3;talek;2019
719620;9851394;Copenhagen_Den;serena.n;2011
724243;9846030;Crepes_Den;serena.n;2011
746043;9840060;Crocodile_Den;talek;2008
746952;9837148;Croton_Edge_Communal_Den;talek;2009
718375;9849268;Crunk_Den;serena.n;2014
718357;9849270;Crunk_Den_2;serena.n;2018
718181;9849203;Crunk_Den_8;serena.n;2022
718357;9849270;Crunk_Den_II;serena.n;2018
718169;9842580;Culvert_City_Den;happy.zebra;2018
725153;9840668;Dawn_Den;serena.s;2019
725266;9840651;Dawn_Den_2;serena.s;2019
725495;9841916;Def_Den_II;serena.s;2017
725405;9841812;Defenestrate_Den;serena.s;2015
725495;9841916;Defenestrate_Den2;serena.s;2017
723652;9844975;DeGaulle_Den;serena.n;2008
723670;9844868;DeGaulle_Den_II;serena.n;2009
742067;9835491;Democracy_Den;talek;2015
746689;9836798;Den_of_Perfection;talek;2006
747634;9837096;Den_One_Creek_Den_Complex;talek;1994
725495;9840858;Dharma_Den;serena.s;2010
717949;9849283;Diagon_Alley_Den;serena.n;2010
717981;9849311;Diagon_Alley_Den_II;serena.n;2017
721449;9846717;Disappointment_Den;serena.n;2008
747037;9838562;Doom's_Day_Den;talek;2003
746900;9838610;Doom's_Day_Den_2;talek;2019
754400;9837283;Down_Under_Den;talek;2001
716653;9846058;Driving_under_the_Influence_Den;happy.zebra;2011
717292;9844132;Drunk_and_Disorderly_Den;happy.zebra;2010
733292;9842456;Dry_Den;talek;2003
725634;9840969;Dudu_Den;serena.s;2009
725661;9841009;Dudu_Den_2;serena.s;2019
719067;9851012;Durmstrang_Den;serena.n;2010
726446;9842434;Elm_Street_Den;serena.s;2009
716439;9845940;Embezzlement_Den;happy.zebra;2011
719599;9838284;Euphrates_Den;happy.zebra;2015
717163;9843805;Extortion_Den;happy.zebra;2016
718933;9843943;Eyrie_Den;happy.zebra;2021
718888;9843911;Eyrie_Den_2;happy.zebra;2021
739847;9835373;Farmer's_Den;talek;2017
753681;9837484;Fever_Tree_Natal_Den/Communal_Den_Complex;talek;2001
736615;9840574;Fig_Tree_Den_2;talek;2007
741990;9840708;Fireworks_Den;talek;2007
724252;9846273;Flapjack_Den;serena.n;2013
727377;9840658;Flashforward_Den;serena.s;2012
747000;9837149;Flintstone_Den;talek;2015
752888;9838905;FM_Den;talek;2005
725171;9841252;FML_Den;serena.s;2010
724958;9840745;Foggy_Den;serena.s;2009
745164;9839130;Foxy_Den;talek;2010
723884;9846260;Frittata_Den;serena.n;2011
729770;9838834;Furtive_Communal_Den;talek;2001
723631;9844750;Gatwick_Den;serena.n;2008
719322;9840190;Gettysburg_Den;happy.zebra;2013
716307;9843668;Gila_River_Den;happy.zebra;2009
716426;9843696;Gila_River_Den_II;happy.zebra;2010
716452;9843748;Gila_River_Den_III;happy.zebra;2010
717110;9838860;Goliath_Heron_Den;happy.zebra;2014
742749;9840733;Gomer_den;talek;2007
719679;9851370;Gothenburg_Den;serena.n;2011
717033;9844406;Grand_Theft_Auto_Den;happy.zebra;2010
743636;9832955;Greenland_Den;talek;2019
718155;9849595;Gringotts_Den;serena.n;2017
718197;9849416;Gringotts_Den_2;serena.n;2018
724180;9846138;Grits_Den;serena.n;2011
741295;9840668;Grove_Den;talek;2008
719173;9851289;Gryffindor_Den;serena.n;2010
725917;9842387;Guava_Den;serena.s;2015
720474;9851196;Guca_Den;serena.n;2012
723071;9841425;Hallelujah_Den;serena.s;2010
724783;9841530;Hanging_Gardens_Den;serena.s;2009
719821;9847114;Happy_New_Year_Den;serena.n;2013
726486;9842170;Heath_Den;serena.s;2011
719087;9840152;Heathrow_Den;serena.n;2008
719644;9851282;Helsinki_Den;serena.n;2011
716588;9845972;Hit_and_Run_Den;happy.zebra;2011
718517;9842766;Hobbit_Hole_Den;happy.zebra;2010
717723;9849485;Hogshead_Den;serena.n;2010
719318;9850846;Hogwarts_Den;serena.n;2010
746505;9836828;Holiday_Communal_Den;talek;2005
746505;9836828;Holiday_Communal_Den;talek;2004
719087;9840152;Holy_Grail_Den;happy.zebra;2008
718859;9840103;Holy_Grail_Den_II;happy.zebra;2008
717090;9844193;Homicide_Den;happy.zebra;2010
716763;9843937;Houdini_Den;happy.zebra;2016
716847;9843520;Hubbub_Den;happy.zebra;2016
718886;9851135;Hufflepuff_Den;serena.n;2010
716721;9843423;Hullabaloo_Den;happy.zebra;2016
716585;9843403;Hullabaloo_Den_2;happy.zebra;2019
725185;9840831;Hurley_Den;serena.s;2010
725559;9840851;Hydra_Den;serena.s;2009
718355;9849119;IAT_Den;serena.n;2009
727052;9842117;Ice_Age_Den;serena.s;2009
719409;9848777;Ilvermorny_Den;serena.n;2016
717831;9844399;Innocent_Den;happy.zebra;2019
725384;9840990;Island_Den;serena.s;2014
718389;9849092;J_Fab_Den;serena.n;2012
725657;9841081;Jackson's_Hole_Den;serena.s;2009
718268;9844620;Jalapeno_Den;happy.zebra;2019
716375;9842579;Juarez_Den;happy.zebra;2009
718861;9849286;Judith_Den;serena.n;2016
718910;9849244;Judith_Den2;serena.n;2016
718423;9849180;Kabbalah_Den;serena.n;2016
727319;9840910;Kahana_Den;serena.s;2012
745124;9840497;Kinda-See-Em_Den;talek;2004
745124;9840497;Kinda-See-Em_Den;talek;2005
745114;9840561;Kinda_See_Em_Den_Three;talek;2013
745085;9840608;Kinda_See_Em_Den_Two;talek;2010
716290;9844312;Kinshasa_Den;happy.zebra;2011
726433;9842488;Kit_Kat_Den;serena.s;2011
720256;9851264;Kolding_Den;serena.n;2011
719919;9851134;Krakow_Den;serena.n;2012
744591;9841032;Lala_Den;talek;2006
744658;9833984;Landscape_Den;talek;2019
744819;9833984;Landscape_Den_2;talek;2019
717242;9843722;Larceny_Den;happy.zebra;2010
738769;9839828;Lazarith_Den;talek;2006
741547;9835066;Lazy_French_Den;talek;2015
752612;9837340;Leopard_Den;talek;2001
727206;9840510;Lighthouse_Den;serena.s;2010
747326;9838572;Lightning_Den;talek;2011
714856;9847447;Lilac_Breasted_Roller_Den;happy.zebra;2019
744315;9838421;Little_Bend_Natal_Den;talek;2006
744315;9838421;Little_Bend_Natal_Den;talek;2005
725145;9840826;Locke_Den;serena.s;2010
724765;9839596;Lone_Elephant_Den;serena.s;2021
724854;9839665;Lone_Elephant_Den_3;serena.s;2022
724824;9839786;Lone_Elephant_Den_4;serena.s;2022
724875;9839737;Lone_Elephant_Den2;serena.s;2021
725277;9841016;Lost_Den;serena.s;2015
741286;9836630;Love_Stinks_Den;talek;2014
747061;9837156;Lovenest_Den;talek;2009
718649;9844548;Lugga_Den;happy.zebra;2017
718622;9844671;Lugga_Den_4;happy.zebra;2022
718642;9844590;Lugga_Den_II;happy.zebra;2017
718592;9844639;Lugga_Den_III;happy.zebra;2017
718592;9844639;Lugga_Den_lll;happy.zebra;2017
718624;9844590;Lugga_Den2;happy.zebra;2017
719366;9850839;Mag_Den;serena.n;2010
746745;9838653;Magic_Bush_Den;talek;2003
720175;9851218;Malmö_Den;serena.n;2012
726233;9842257;Mango_Den_ll;serena.s;2017
739305;9836075;Margarita_Den;talek;2017
723417;9840596;Mars_Den;serena.s;2022
753552;9837527;Masai_Fever_Tree_Natal_Den;talek;2001
721208;9840487;Mashugana_Den;happy.zebra;2013
742867;9841535;Mausoleun_at_Halicarnassus_Den;serena.s;2015
715241;9843545;Meatloaf_Den;happy.zebra;2015
719746;9847140;Merry_Christmas_Den;serena.n;2012
716255;9842748;Mexicalli_Den;happy.zebra;2012
743272;9838305;Middle_Horseshoe_Natal_Den;talek;2001
719721;9937675;Migration_Den;happy.zebra;2022
719675;9837753;Migration_Den_2;happy.zebra;2022
719817;9837650;Migration_Den_3;happy.zebra;2023
719680;9837699;Migration_Den_4;happy.zebra;2023
719569;9837708;Migration_Den_5;happy.zebra;2023
726313;9842410;Milky_Way_Den_Deleted;serena.s;2011
721772;9847129;Mindy's_Den;serena.n;2013
724573;9842044;Moat_Den;serena.s;2015
720892;9838075;Moonset_Den;happy.zebra;2015
719942;9851358;Moscow_Den;serena.n;2011
747043;9838583;Mountaineer_Den;talek;2016
755183;9835637;MP's_1999_Natal_Den;talek;2001
725291;9840944;Mr._Eko_Den;serena.s;2014
717251;9842925;Mtafiti_Fisi_Good_Day_Den;happy.zebra;2018
724000;9838092;Munchkin_Den;serena.s;2008
720449;9847591;National_Cornchip_Day_Den;serena.n;2013
724749;9839441;Nchoko_Den;serena.s;2021
724689;9839404;Nchoko_Den_2;serena.s;2021
749935;9835100;New_Jackal_Hill_Den;talek;2010
727399;9840910;Nightmare_Den;serena.s;2012
742941;9831923;Nimekufa_Kindani_Den;talek;2018
744984;9840806;No_See_Em_Den;talek;2004
716267;9842643;Nogales_Den;happy.zebra;2009
741877;9835276;Nomadic_Den;talek;2015
744086;9832317;NUDI's_Den;talek;2019
744117;9832275;NUDI's_Den_2;talek;2019
724224;9846508;Nyumba_Ndege_Den;serena.n;2011
725466;9841032;Oceanic_Den;serena.s;2009
719224;9848877;Ollivander's_Den;serena.n;2010
719198;9848864;Ollivander's_Den_2;serena.n;2019
754697;9835861;Olosogon_Clearing_Communal_Den_Complex;talek;2001
754909;9835790;Olosogon_West_Bank_Natal_Den;talek;2002
718352;9849222;Oodelali_Den;serena.n;2015
725445;9840897;Orchid_Den;serena.s;2009
719597;9851224;Oslo_Den;serena.n;2011
753542;9837353;Over_the_River_Den;talek;2005
724934;9841116;Oxytocin_Den;serena.s;2012
721091;9840261;Oy_Vey_Den;happy.zebra;2013
744924;9841395;Pain_in_the_Butt_Den;talek;2007
734359;9837362;Panoramic_Communal_Den_(aD);talek;2001
746378;9836793;Paradise_Den;talek;2003
726011;9842445;Passionfruit_Den;serena.s;2015
725783;9840988;Pearl_Den;serena.s;2009
746293;9839498;Plantation_Den;talek;2001
717122;9845961;Playground_Den;happy.zebra;2018
725352;9840838;Polar_Bear_Den;serena.s;2010
724448;9842095;Portcullis_Den;serena.s;2015
747622;9837700;Pothole_Den;talek;2012
726069;9841910;Precipice_Den;serena.s;2017
726027;9841858;Precipice_Den_II;serena.s;2017
726025;9841891;Precipice_Den_III;serena.s;2018
726027;9841858;Precipice_Den_ll;serena.s;2017
717846;9849364;Privet_Drive_Den;serena.n;2010
724422;9841651;Railroad_Den;serena.s;2008
726091;9842140;Rang_Natal_Den;serena.s;2017
745281;9840331;Ranger_Den;talek;2004
719000;9851018;Ravenclaw_Den;serena.n;2010
722500;9844773;Redemption_Den;serena.n;2008
726279;9842474;Reese's_Den;serena.s;2011
747569;9838508;Resurrection_Communal_Den;talek;2003
747453;9838546;Resurrection_Main_Den;talek;2013
719658;9851418;Reykjavik_Den;serena.n;2011
720119;9850866;Riga_Den;serena.n;2014
716415;9843882;Rio_Grande_Den;happy.zebra;2011
723719;9841457;Rivendell_Den;serena.s;2010
746619;9836966;Roadside_Den;talek;2006
716191;9842646;Rocky_Point_Den;happy.zebra;2010
725441;9840912;Rousseau_Den;serena.s;2013
744912;9834809;Runway_Den;serena.n;2020
723060;9844579;Runway_Den;serena.n;2008
723190;9844517;Runway_Den_3;serena.n;2019
723175;9844446;Runway_Den_4;serena.n;2020
723179;9844719;Runway_Den_II;serena.n;2008
725054;9840520;Saito's_Den;serena.s;2022
724929;9840470;Saito's_Den_2;serena.s;2022
720032;9850724;Salander_Den;serena.n;2010
749522;9838398;Saucy_Natal_Den;talek;2013
716352;9844324;Sault_St._Marie_Den;happy.zebra;2011
725256;9840952;Sawyer_Den;serena.s;2010
722522;9841425;Scenic_Den;serena.s;2022
723441;9844921;Schiphol_Den;serena.n;2010
720374;9839933;Schmuck_Den;happy.zebra;2013
720201;9839904;Schmuzty_Den;happy.zebra;2013
724111;9846482;Scrapple_Den;serena.n;2011
723326;9844804;Seatac_Den;serena.n;2009
753809;9835136;Simba_Sausage_Tree_Communal_Den;talek;2001
731627;9840990;Sleepy_Den;happy.zebra;2009
713397;9847252;Sleepy_Den;happy.zebra;2019
719259;9850909;Slytherin_Den;serena.n;2010
725574;9841261;Smoke_Monster_Den;serena.s;2013
725146;9840846;Snowbird_Den;serena.s;2009
718914;9851295;Soda_Fountain_Den;serena.n;2009
719768;9848458;Some_Freaky_Lions_Den;serena.n;2018
724375;9842053;South_Den;serena.s;2008
743992;9831975;Special_Den;talek;2019
719940;9851218;St_Petersburg_Den;serena.n;2011
719632;9851320;Stockholm_Den;serena.n;2011
716325;9844272;Strasbourg_Den;happy.zebra;2011
725144;9840834;Submarine_Den;serena.s;2010
742514;9835091;Sugar_Daddy_Den;talek;2015
753495;9837319;Summer_Den;talek;2005
726881;9841004;Summit_Den;serena.s;2014
753524;9837427;Sunrise_Valley_Communal_Den/Natal_Den;talek;2001
724855;9840062;Superstar_Den;serena.s;2021
724791;9840072;Superstar_Den_2;serena.s;2021
724828;9840099;Superstar_Den_3;serena.s;2021
726298;9842460;Suzi_Den;serena.s;2008
726324;9842426;Suzi_Den_3;serena.s;2017
726321;9842497;Suzi_Den_II;serena.s;2009
726324;9842426;Suzi_Den_III;serena.s;2017
716351;9844270;Sweetgrass_Den;happy.zebra;2011
719639;9851358;Tallinn_Den;serena.n;2011
741030;9836512;Tangawizi_Den;talek;2015
724900;9841254;Temple_of_Artemis_Den;serena.s;2014
716373;9842739;Texarkana_Den;happy.zebra;2010
719609;9848844;The_Burrow_Den;serena.n;2023
727333;9840695;The_Hatch_Den;serena.s;2009
727253;9840510;The_Staff_Den;serena.s;2011
718946;9851053;Thug_Mansion_Den;serena.n;2010
719693;9838330;Tigris_Den;happy.zebra;2014
716446;9842598;Tijuana_Den;happy.zebra;2009
716339;9843900;Tiny_Violet_Princess_Den;happy.zebra;2016
743517;9837645;Triangle_Natal_Den;talek;2005
743517;9837645;Triangle_Natal_Den;talek;2006
724439;9841751;TSA_Den;serena.s;2017
752769;9838944;Tumo_Hill_Den;talek;2003
724950;9842127;Turret_Den;serena.s;2016
740208;9840942;Twister_Den;talek;2007
726356;9842540;Twix_Den;serena.s;2011
726354;9842516;Twix_Den_2;serena.s;2020
726305;9842484;Ugli_Den;serena.s;2015
723067;9846159;Uji_Den;serena.n;2014
722850;9847268;Unremarkable_Den;serena.n;2010
720189;9851280;Vaasa_Den;serena.n;2011
717253;9844123;Vandalism_Den;happy.zebra;2010
744705;9834929;Villa_Den;talek;2019
744689;9835065;Villa_Den_2;talek;2019
738957;9839999;Vulture_Den;talek;2006
722573;9844992;Wanderlust_Den;serena.n;2008
714577;9847556;Wapi_Dave_Den;happy.zebra;2018
744929;9839296;Waverly_Den;talek;2008
745254;9839856;Wayland_Den;talek;2008
718529;9849152;Whomping_Willow_Den;serena.n;2017
718655;9836894;Whooping_Cami_Den;happy.zebra;2014
718776;9849282;Wild_Berry_Den;serena.n;2023
716432;9842596;Windsor_Den;happy.zebra;2011
719217;9851000;WTF_Den;serena.n;2009
724943;9841096;Zeus_Den;serena.s;2014
