landmark_id;utme;utmn;date;year 
CERN Den;719534;9838825;11/21/2008 2008-11-23;2008
Chamber of Secrets Den;717726;9849379;10/26/2010 2010-10-28;2010
Cheetah Tree Communal Den;748626;9837599;NA;NA
Cheke Communal Den;738492;9839360;2012;2012
Chex Den;723983;9846130;7/27/2011 2011-07-29;2011
Cinnabon Den;724027;9845768;9/11/2013 2013-09-11;2013
Ackbar Den;731226;9840709;2009;2009
Africa Communal Den;734423;9842238;2009;2009
Airplane Den;725623;9840924;12/4/2014 2014-12-31;2014
Ajira Den;727214;9840612;1/21/2011 2011-01-23;2011
Alamo Den;719098;9840106;5/7/2011 2011-05-09;2011
Alasiri Den;738979;9839242;11/21/2009;2009
Albatross Den;718494;9849303;8/8/2015 2015-08-08;2015
Albatross Den II;718442;9849329; 2018-05-28;2018
Albatross Den III;718445;9849308; 2018-06-07;2018
Alternate Aardvark Communal Den;746470;9837032;1996;1996
Alternative Stable State Den;738988;9845728;41752;
Alumni Den;718903;9833540;7/2/2008 2008-07-04;2008
Amazon Den;719656;9838561;2/8/2009 2009-02-10;2009
Amtrak Den;732038;9841637;2005;2005
Andy Warthol Den;752967;9837005;1996;1996
Angry Ele Den;718523;9844405;3/18/2017 2017-03-18;2017
Angry Ele Den 2;718503;9844377;5/4/2017;2017
Angry Ele Den II;718503;9844377; 2017-05-04;2017
Archer Plain Den;733416;9842079;2003;2003
Archer Plain East Den;733530;9842132;2003;2003
17km Den;718327;9835105;6/29/2008 2008-06-29;2008
3 Broomsticks Den;717702;9849474;11/3/2010 2010-11-05;2010
4th of July Den;719707;9847154;12/17/2012 2012-12-17;2012
"A ""Gnu"" Hope Den";733657;9841700;2013;2013
Aardvark Road Communal Den;746215;9836864;1996;1996
Aardwolf Communal Den;745294;9838050;NA;
Aarhus Den;719884;9851382;2/26/2011 2011-02-28;2011
Banana Tree Communal Den;740512;9859417,9840994,9840994;2006;2006
Banana Tree Communal Den 2;740616;9841015;2007;2007
Banjo Natal Den;732238;9842284;40911;
Barbie Party Den;741712;9835491;8/17/2015,42233;2015
Base Natal Den/Communal Den;746442;9838893;2003;2003
Bastion Den;724676;9842170;8/29/2016 2016-08-29;2016
Bberry Den;725937;9841648;7/24/2017;2017
Beauxbatons Den;718987;9850937;9/15/2010 2010-09-17;2010
Belgrade Den;719841;9851154;8/29/2012 2012-08-29;2012
Benser Den;741471;9837728;5/25/2017,42880;2017
Bergen Den;720253;9851464;8/22/2011 2011-08-24;2011
Big Bend Den;743702;9839390;2001;2001
Big Bush Communal Den;748061;9838502;40876;
Big Bush Den;748061;9838502;NA;
Big Sky Den;725670;9841131;10/22/2009 2009-10-24;2009
Biscuits n' Gravy Den;722792;9845795;9/30/2013 2013-09-30;2013
Bloody Awful Den;744958;9841178,9841078,9841078;2007;2007
Blueberry Den;725937;9841648; 2017-07-24;2017
Bonsai Communal Den;731840;9841736;2001;2001
Boone Den;725499;9840852;10/18/2010 2010-10-20;2010
Bordello Den;721485;9847576;7/2/2010 2010-07-04;2010
Boulevard Den;744985;9839134;2006,2005;2005
Boulevard Den;744985;9839134;2006,2005;2006
Bran Den;724394;9842200;2/10/2017 2017-02-10;2017
Bright Eyes Den;718430;9848948;9/6/2014 2014-09-06;2014
Bright Eyes Den II;718276;9848942; 2017-07-21;2017
Bright Eyes Den ll;718276;9848942;7/21/2017;2017
British Communal Den;731144;9843740;40936;
Broken Tree Den;754105;9835189;2001;2001
Bros Den;738493;9837732;10/23/2016,42666;2016
Bubula Den;720534;9840559;10/1/2013 2013-10-01;2013
Budapest Den;719781;9851170;8/29/2012 2012-08-29;2012
Buffalo Lugga Communal Den;739339;9840210;2008;2008
Bushbuck Communal Den;753255;9835226;2001;2001
Cacophony Den;716718;9843752;7/31/2016 2016-07-31;2016
Calexico Den;716384;9842738;3/29/2012 2012-03-29;2012
Panic Den;742439;9840734;2007;2007
Panoramic Communal Den (aD);734359;9837362;2001;2001
Panoramic Communal Den (bD);734260;9837254;2001;2001
Panoramic Communal Den (cD);734291;9837178;2001;2001
Paradise Den;746378;9836793;2003;2003
Passion Fanta Den;736501;9841848;2013;2013
Passionfruit Den;726011;9842445;4/25/2015 2015-04-25;2015
PB/BA Den;744958;9841178;2007;2007
Pearl Den;725783;9840988;8/27/2009 2009-08-29;2009
Phoenix Communal Den;754773;9835838;2001;2001
PITA D;730916;9840639;2009;2009
Plains Communal Den;731920;9841833;2008;2008
Plantation Den;746293;9839498;5-2001,37028;2001
Polar Bear Den;725352;9840838;7/12/2010 2010-07-14;2010
Pole not Pole Den;743572;9837544;41880;
BAIL's Euphorbia Natal Den;753352;9833723;4/17/00;2000
Bakery Den;722709;9844770;8/24/2008 2008-08-24;2008
Balloon Den;739599;9841150;02/02/2009;2009
Copenhagen Den;719620;9851394;1/25/2011 2011-01-27;2011
Coworkers Den;736931;9840932;2013;2013
Crane Den;731554;9841296;39506;
Crepes Den;724243;9846030;6/24/2011 2011-06-26;2011
Crocodile Camp Den;746008;9840226;2008;2008
Crocodile Den;746043;9840060;2008;2008
Croton Edge Communal Den;746952;9837148;2009;2009
Cannibal Cami Den;718608;9836934;9/22/2014 2014-09-22;2014
Carnival Den;736514;9836916;2011;2011
Carson Den;740677;9840171;42423;
Cash Den;747481;9837043;41873;
Catwalk Den;735591;9843240;2011;2011
Central Park Communal Den;746472;9838970;NA;
Claire Den;725383;9840846;4/4/2014 2014-04-06;2014
Clamor Den;716904;9843283;8/30/2016 2016-08-30;2016
Cliff Den;746018;9837982;6/26/2016,42547;2016
Cocobeach Den;716199;9844306;2/11/2011 2011-02-13;2011
Coincidence D;719522;9837495;10/6/2008 2008-10-08;2008
Colossus of Rhodes D;725114;9841436; 2015-02-05;2015
Colossus of Rhodes Den;725114;9841436;2/5/2015;2015
Dancing Lady Den;746363;9836736;5/31/00;2000
Danger Room Den;739253;9839866;1/14/2010;2010
Dave Den;747491;9837478;NA;
Dave's Den;747491;9837478;NA;
Day Vision Den;741668;9839912;3/14/2010;2010
Juarez Den;716375;9842579;9/9/2009 2009-09-11;2009
Judith Den;718861;9849286;10/3/2016 2016-10-03;2016
Judith Den II;718910;9849244; 2016-11-07;2016
Judith Den2;718910;9849244;11/7/2016;2016
Jug Den;730506;9841867;2006;2006
Julie Den;741586;9837427;42852;
k10;751295;9834573;NA;
k11;750515;9834389;NA;
k12;750377;9834804;NA;
k14;752540;9836341;NA;
k15;752336;9836913;NA;
k16;751493;9837485;NA;
k18;748218;9837857;NA;
k19;747977;9838171;NA;
k2;747901;9836346;NA;
k20;746974;9836623;NA;
k22-?a;746492;9836882;NA;
k22-?b;746214;9837177;NA;
k23;748590;9838207;NA;
Runway Den;723060;9844579;7/30/2008;2008
Runway Den II;723179;9844719;7/30/2008 2008-08-01;2008
Salander Den;720032;9850724;2/27/2014 2010-10-24;2010
Saucer Den;733051;9842130;2003;2003
Saucy Natal Den;749522;9838398;10/5/2013,40927;2013
Sault St. Marie Den;716352;9844324;1/23/2011 2011-01-25;2011
Sawyer Den;725256;9840952;10/11/2010 2010-10-13;2010
Sayid Den Deleted;725451;9841033;10/31/2010;2010
Scairdy Cat Den;740774;9839766;1/17/2010;2010
Schiphol Den;723441;9844921;10/11/2010 2010-10-13;2010
Schmuck Den;720374;9839933;8/10/2013 2013-08-10;2013
Schmutzy Den;720201;9839904; 2013-07-27;2013
Schmuzty Den;720201;9839904;7/27/2013;2013
Scrapple Den;724111;9846482;4/20/2011 2011-04-22;2011
Seatac Den;723326;9844804;8/1/2009 2009-08-03;2009
Secluded Den;747062;9837168;41800;
Mexicali Den;716255;9842748; 2012-09-03;2012
Mexicalli Den;716255;9842748;9/3/2012;2012
Middle Horseshoe Natal Den;743272;9838305;2001,37171;2001
Middle of Nowhere Communal Den;735948;9837992;8/8/2009;2009
Shit Show Den;731645;9843612;2012;2012
Shooting Tree Communal Den;751538;9836877;NA;
Silhouette Den;733106;9842233;2004;2004
Deep Fried Den;735724;9839330;2009;2009
Def Den II;725495;9841916; 2017-05-05;2017
Defenestrate Den;725405;9841812;3/13/2015 2015-03-13;2015
Defenestrate Den2;725495;9841916;5/5/2017;2017
DeGaulle Den;723652;9844975;11/6/2008 2008-11-08;2008
DeGaulle Den II;723670;9844868;3/27/2009 2009-03-29;2009
Democracy Den;742067;9835491;1/28/2015,42032;2015
Den of Perfection;746689;9836798;2006;2006
Den One Creek Den Complex;747634;9837096;4/1994;1994
Den Tist;731171;9840807;2012;2012
Den with a View;753262;9837510;NA;
Dharma Den;725495;9840858;5/26/2010 2010-05-28;2010
Diagon Alley Den;717949;9849283;10/2/2010 2010-10-04;2010
Diagon Alley Den II;717981;9849311; 2017-08-30;2017
Diagon Alley ll;717981;9849311;8/30/2017;2017
Dicks Den;747390;9837245;41715;
Dion's Natal Den;747075;9837512;40830;
Disappointment Den;721449;9846717;6/27/2008 2008-06-29;2008
Disaster Den;733173;9842104;2003;2003
DOC Communal Den;747634;9837096;40726;
DOC Den 2;747700;9837031;41835;
Doom's Day Den;747037;9838562;2003;2003
Down Under Den;754400;9837283;2001;2001
Driftwood Island Bushes Communal Den;734179;9842253;2003;2003
Driftwood Island Communal Den;734339;9842255;2001;2001
Drive Thru Communal Den;745697;9837789;NA;
Driving under the Influence Den;716653;9846058;3/24/2011 2011-03-26;2011
Drunk and Disorderly Den;717292;9844132;12/3/2010 2010-12-05;2010
Dry Den;733292;9842456;2003;2003
Dudu Den;725634;9840969;12/18/2009 2009-12-20;2009
Durmstrang Den;719067;9851012;9/12/2010 2010-09-14;2010
Eagle Den;756374,733801,733801;9835966,9842637,9842637;2006;2006
Easter Den;742317;9840920;39530;
Eastside Communal Den;754898;9836490;2001;2001
Elm Street Den;726446;9842434;6/1/2009 2009-06-03;2009
Embezzlement Den;716439;9845940;3/8/2011 2011-03-10;2011
Emerald City Den;724085;9837941;2/18/2009 2009-02-20;2009
Emerald D;711302;9839307;8/15/2008 2008-08-17;2008
k4 avg;749794;9834700;NA;
k5;748761;9836610;NA;
K6 Den;749032;9836434;6/9/2010;2010
k7;750962;9835292;NA;
k8;751519;9835623;NA;
k9;751770;9835088;NA;
Kabbalah Den;718423;9849180;9/21/2016 2016-09-29;2016
Kabbalah Den II;718422;9849226; 2017-08-09;2017
Kabbalah Den ll;718422;9849226;8/9/2017;2017
Kahana Den;727319;9840910;2/28/2012 2012-02-28;2012
Kansas Den;738680;9839398;2011;2011
Kansas Den 2;738849;9839476;12/31/2010;2010
Spider D;732187;9841851;2005;2005
St Paddy's Den;719718;9847204;11/26/2012 2012-11-26;2012
St Petersburg Den;719940;9851218;3/28/2011 2011-03-30;2011
Stockholm Den;719632;9851320;1/19/2011 2011-01-21;2011
Stork Den;731424;9840772;2005;2005
Strasbourg Den;716325;9844272;2/11/2011 2011-02-13;2011
Stupid Communal Den;746758;9836744;NA;
Submarine Den;725144;9840834;3/31/2010;2010
Sugar Daddy Den;742514;9835091;8/8/2015,42224;2015
Summer Den;753495;9837319;2005;2005
Summit Den;726881;9841004;10/6/2014 2014-10-06;2014
Sun Den;741258;9840562;NA;
Sunrise Communal Den;736482;9838012;8/18/2009;2009
Sunrise Plain Communal Den;752986;9837226;NA;
Sunrise Valley Communal Den/Natal Den;753524;9837427;12-2001,37241;2001
Survival of the Fittest Den;737476;9846892;41792;
Suzi Den;726298;9842460;6/27/2008 2008-06-29;2008
Suzi Den 3;726324;9842426;6/18/2017;2017
Suzi Den II;726321;9842497;5/10/2009 2009-05-12;2009
Suzi Den III;726324;9842426; 2017-06-18;2017
Sweetgrass Den;716351;9844270;1/20/2011 2011-01-22;2011
Swift Den;736086;9838110;2009;2009
SX's Tsetse Retreat Natal Den;755031;9836298;NA;
SX's Twin Tree Lugga Natal Den;754029;9836443;NA;
Sycamore Natal Den;730170;9840967;2004;2004
Talek Fig Crater Communal Den;745313;9840164;2001;2001
Enterprise Den;735950;9837992;40469;
Equus Den;737938;9837702;2009;2009
Euphrates Den;719599;9838284;3/14/2015 2015-03-14;2015
Extortion Den;717163;9843805;9/21/2016 2016-09-21;2016
Farmer's Den;739847;9835373;1/4/2017;2017
Fetid Pools Den;734656;9842041;7/19/2009;2009
Fever Tree Natal Den/Communal Den Complex;753681;9837484;11-2001,37217;2001
Fig Tree Den 1;741802;9841078;2007;2007
Fig Tree Den 2;736615;9840574;2007;2007
Fireworks Den;741990;9840708;2007;2007
Flapjack Den;724252;9846273;5/28/2013 2013-05-28;2013
Flashforward Den;727377;9840658;3/30/2012;2012
Flintstone Den;747000;9837149;9/27/2015,42274;2015
FM Den;752888;9838905;2005;2005
FML Den;725171;9841252;10/6/2010 2010-10-08;2010
Foggy Den;724958;9840745;11/5/2009 2009-11-07;2009
Follow Me Den;740289;9839832;2/3/2010;2010
Fork Junction Den;734900;9841952;2003;2003
Foxy Den;745164;9839130;4/27/2010;2010
Frittata Den;723884;9846260; 2011-07-23;2011
Gothenburg Den;719679;9851370;2/24/2011 2011-02-26;2011
Governor's Den;729305;9853420;9-2002;2002
Grand Theft Auto Den;717033;9844406;9/10/2010 2010-09-12;2010
Granuaile Den;721416;9841468; 2016-07-12;2016
Granualie Gen;721416;9841468;7/12/2016;2016
Green Den;729719,477420,747420;9840569,9841240,9841240;2006;2006
Gringotts Den;718155;9849595;9/21/2017 2017-09-21;2017
Grits Den;724180;9846138;6/9/2011 2011-06-11;2011
Grove Den;741295;9840668;2008;2008
Gryffindor Den;719173;9851289;8/16/2010 2010-08-18;2010
Guava Den;725917;9842387;4/25/20145 2015-04-25;2015
Guca Den;720474;9851196;3/9/2012 2012-03-09;2012
Hallelujah Den;723071;9841425;8/20/2010 2010-08-22;2010
Hanging Gardens Den;724783;9841530;1/25/2009 2009-01-27;2009
Happy New Year Den;719821;9847114;1/5/2013 2013-01-05;2013
Naibor Natal Den;732147;9842520;01/03/2009;2009
Nana's 2003 Twiggy Natal Den;731156;9842080;2003;2003
Nancy Drew Den;738699;9839699;2013;2013
National Corn Chip Day Den;720449;9847591;1/29/2013;2013
National Cornchip Day Den;720449;9847591; 2013-01-29;2013
NAV's Twin Tree Natal Den Communal Den;753998;9836480;2001;2001
NAV's Volcano Natal Den;746822;9835880;NA;
Uji Den;723067;9846159;5/3/2014 2014-05-03;2014
Unremarkable Den;722850;9847268;7/5/2010 2010-07-07;2010
Unseen Int Hippo Den;733459;9842996;2003;2003
Unseen Juggler Natal Den;730276;9842101;2001;2001
Uproar Den;716771;9843244,984;8/24/2016 2016-08-24;2016
Vaasa Den;720189;9851280;4/18/2011 2011-04-20;2011
Vacation Den;734652;9842816;2003;2003
Vandalism Den;717253;9844123;10/1/2010 2010-10-03;2010
Vanishing Communal Den;733305;9842549;2001;2001
Veto Den;737104;9841952;12/29/2008;2008
Viagra Communal Den;738962;9839646;40834;
Victory Den;736789;9837893;2009;2009
Vulture Den;738957;9839999;2006;2006
Wanderlust Den;722573;9844992;8/8/2008 2008-08-10;2008
Waverly Den;744929;9839296;2008;2008
Wayland Den;745254;9839856;2008;2008
Weaver Bird Den;754897;9835510;2001;2001
Wendy Den;732027;9841565;2005;2005
WHO's Exopark Natal Den;746968;9838503;NA;
WHO's Laura Tree Natal Den;750005;9836680;2001;2001
Whomping Willow Den;718529;9849152;12/20/2017 2017-12-20;2017
Whooping Cami Den;718655;9836894; 2014-10-09;2014
Wicked Den;740636;9839896;NA;
Windmill Den;733254;9842455;2006;2006
Windsor Den;716432;9842596;10/31/2011 2011-10-31;2011
Winged Monkey Den;724899;9838114;1/6/2017 2017-01-06;2017
WTF Den;719217;9851000;9/5/2009 2009-09-07;2009
Yellow Brick Road Den;724255;9837622;11/10/2008 2008-11-12;2008
Yoplait Den;741720;9836168;41812;
Heath Den;726486;9842170;1/2/2011 2011-01-04;2011
Heathrow Den;719087;9840152;8/7/2008 2008-08-09;2008
Hegemony Den;740368;9838135;7/16/2009;2009
Helsinki Den;719644;9851282;1/6/2011 2011-01-08;2011
HG's Natal Den (3-00);754110;9836321;NA;
Hid Communal Den;735450;9843234;40722;
Hidden Treasure Den;734429;9842854;40495;
Hillside Den;732627;9842282;2008;2008
Hilltop Communal Den;729514;9839291;2001;2001
Hit and Run Den;716588;9845972;3/8/2011 2011-03-10;2011
HJ Communal Den;722350;9842389;2006;2006
HOB's Sunrise Lugga Natal Den;753230;9834399;NA;
Hobbit Hole Den;718517;9842766;2/11/2010 2010-02-13;2010
Hogshead Den;717723;9849485;10/21/2010 2010-10-23;2010
Hogwarts Den;719318;9850846;9/11/2010 2010-09-13;2010
Holiday Communal Den;746505;9836828;2005, 2004;2004
Holiday Communal Den;746505;9836828;2005, 2004;2005
Holy Grail Den;719087;9840152;8/7/2008 2008-08-09;2008
Holy Grail Den II;718859;9840103;9/16/2008 2008-09-18;2008
Holy Trinity Den;711568;9839465;10/30/2008 2008-11-01;2008
Homer Road Den;734644;9841633;2003;2003
Homicide Den;717090;9844193;9/9/2010 2010-09-11;2010
Houdini Den;716763;9843937;2/26/2016 2016-02-26;2016
Hubbub Den;716847;9843520;9/18/2016 2016-09-18;2016
Hufflepuff Den;718886;9851135;9/7/2010 2010-09-09;2010
Hullabaloo Den;716721;9843423;8/19/2016 2016-08-19;2016
Hurley Den;725185;9840831;7/27/2010 2010-07-29;2010
Hydra Den;725559;9840851;8/8/2009 2009-08-10;2009
IAT Den;718355;9849119;12/19/2009 2009-12-21;2009
Ice Age Den;727052;9842117;5/28/2009 2009-05-30;2009
Ilvermorny Den;719409;9848777;8/6/2016 2016-08-06;2016
Impala Communal Den;755002;9835580;2001;2001
Impala Track Communal Den;754414;9835450;2001;2001
Imperial Den;740102;9838239;2007-05-09;2007
Independence Communal Den;752956;9835986;2001;2001
Interpid Island Den;734811;9841560;2003;2003
Intraspecific Competition Den;739298;9845960;41764;
Intrepid Island Den;734811;9841560;NA;
Island D;725384;9840990; 2014-12-03;2014
Island Den;725384;9840990;12/3/2014;2014
J Fab Den;718389;9849092;10/22/2012 2012-10-22;2012
Jackson's Hole Den;725657;9841081;10/3/2009 2009-10-05;2009
Jenks Den;738706;9840253;42382;
JJ's 13 Lugga South Natal Den;747835;9835379;NA;
Joey's Most Awesome Den;740644;9839710;6/26/2009;2009
Johanna's D;733500;9842893;2007;2007
k3;749606;9834445;NA;
Kinda See Em Den Three;745114;9840561;2013;2013
Kinda See Em Den Two;745085;9840608;3/29/2010;2010
Kinda-See-Em Den;745124;9840497;2004,2005;2004
Kinda-See-Em Den;745124;9840497;2004,2005;2005
Kinshasa Den;716290;9844312;2/9/2011 2011-02-11;2011
Kip 2nd No Name Hill Natal Den;748097;9837347;NA;
Kit Kat Den;726433;9842488;3/31/2011 2011-04-02;2011
Kolding Den;720256;9851264;9/13/2011 2011-09-15;2011
Krakow Den;719919;9851134;7/17/2012 2012-07-17;2012
Lala Den;744591;9841032;2006;2006
Larceny Den;717242;9843722;10/25/2010 2010-10-27;2010
Lazarith Den;738769;9839828;2006;2006
Lazy French Den;741547;9835066;3/15/2015,42078;2015
Leopard Den;752612;9837340;8-2001,37115;2001
LG's Talek Bayou Natal Den;752454;9838111;NA;
Lighthouse Den;727206;9840510;12/19/2010 2010-12-19;2010
Lightning Den;747326;9838572;2011;2011
Little Bend Natal Den;744315;9838421;2006,2005;2005
Little Bend Natal Den;744315;9838421;2006,2005;2006
Little Big Horn D;719101;9840221;7/22/2009 2009-07-24;2009
Little Gomer Den;742784;9840756;2007;2007
Locke Den;725145;9840826;8/5/2010 2010-08-07;2010
Lost D;725277;9841016; 2015-01-23;2015
Lost Den;725277;9841016;1/23/2015;2015
Love Stinks Den;741286;9836630;11/4/2014,41947;2014
Lovenest Den;747061;9837156;2009;2009
Lower Sunrise Lugga Crossing Den;751854;9837583;2001;2001
Lucky Leopard Den;742437;9836924;41895;
Lugga Den;718649;9844548;6/3/2017 2017-06-03;2017
Lugga Den II;718642;9844590; 2017-06-21;2017
Lugga Den III;718592;9844639; 2017-07-15;2017
Lugga Den lll;718592;9844639;7/15/2017;2017
Lugga Den2;718624;9844590;6/21/2017;2017
Mag Den;719366;9850839;8/11/2010 2010-08-13;2010
Maggie Den;742990;9835692;41850;
Magic Bush Den;746745;9838653;2003;2003
Magic Den;742026;9840656;2007;2007
Maisha Communal Den;747060;9837771;4/22/00;2000
Malmo Den;720175;9851218;2/6/2012;2012
Malm√∂ Den;720175;9851218; 2012-02-06;2012
Mama Sus Den;739609;9845431;42453;
Mancala Den;738965;9840780;2013;2013
Mango Den II;726233;9842257; 2017-07-22;2017
Mango Den ll;726233;9842257;7/22/2017;2017
Margarita Den;739305;9836075;7/14/2017,42930;2017
Masai Fever Tree Natal Den;753552;9837527;2001;2001
Masai Olosogon Communal Den;755026;9836280;2001;2001
Mashugana Den;721208;9840487;9/8/2013;2013
Mashugana Den II;721189;9840596; 2013-09-09;2013
Matira Den;731971;9840128;2012;2012
Mausoleum at Halicarnassus Den;742867;9841535; 2015-03-06;2015
Milky Way Den Deleted;726313;9842410;3/5/2011;2011
Milkyway Den;742848;9835677;41848;
Millenium CD;753468;9835354;1/2/2000;2000
Mindy's Den;721772;9847129;7/23/2013 2013-07-23;2013
Moat Den;724573;9842044;4/25/2015 2015-04-25;2015
Moon Den;741195;9840476;39479;
Moonset Den;720892;9838075;7/31/2015 2015-07-31;2015
Moscow Den;719942;9851358;3/3/2011 2011-03-05;2011
Mountaineer Den;747043;9838583;8/31/2016,42613;2016
MP's 1999 Natal Den;755183;9835637;2001;2001
Mr. Eko Den;725291;9840944;4/25/2014 2014-04-25;2014
MTRA;732032;9841624;2008;2008
Munchkin Den;724000;9838092;10/7/2008 2008-10-09;2008
Nebraska Den;740230;9837291;9/23/2016,42636;2016
New Jackal Hill Den;749935;9835100;2010,6/16/2010;2010
Night Vision Goggles Den;741535;9839874;3/12/2010;2010
Nightmare Den;727399;9840910;3/16/2012 2012-03-16;2012
Nintendo Natal Den;732395;9842536;2003;2003
No Name Hill Communal Den;748063;9837461;NA;
No See Em Den;744984;9840806;2004;2004
Nogales Den;716267;9842643;9/16/2009 2009-09-18;2009
Nomadic Den;741877;9835276;8/5/2015,42221;2015
Norman Den;740964;9837251;9/7/2016,42620;2016
Nostrum Den;731462;9840808;2004;2004
Nubian D;733013;9841544;2006;2006
Nyumba Ndege Den;724224;9846508;4/20/2011 2011-04-22;2011
Oceanic Den;725466;9841032;9/9/2009 2009-09-11;2009
OK Den;NA,737668,737668;NA,9841268,9841268;NA;
Olive Den;738265;9841386;2013;2013
Ollivander's Den;719224;9848877;12/13/2010 2010-12-15;2010
Olosogon Clearing Communal Den Complex;754697;9835861;11-2001;2001
Olosogon Cow Crossing Den;755257;9835764;2001;2001
Olosogon Hill Communal Den;754512;9835972;11-2001,37212;2001
Olosogon Split Communal Den;755078;9836115;2001;2001
Olosogon West Bank Natal Den;754909;9835790;2002;2002
Oodelali Den;718352;9849222;4/7/2015 2015-04-07;2015
Open Den;741500;9836625;6/8/17,42894;2017
Opera Den;742475;9840962;39533;
Orchid Den;725445;9840897;8/8/2009 2009-08-10;2009
Oslo Den;719597;9851224;1/17/2011 2011-01-19;2011
Others Den;725583;9840748;6/23/2010 2010-06-25;2010
Over the River D;753542;9837535;NA;
Over the River Den;753542;9837353;2005;2005
Owlet Den;732572;9840110;2013;2013
Oxytocin Den;724934;9841116; 2012-09-06;2012
Oy Vey Den;721091;9840261;8/28/2013 2013-08-28;2013
Oz Den;754938;9835627;2001;2001
Pain in the Butt Den;744924;9841395;2007;2007
Pallet Town Den;736442;9841150;2012;2012
Porcupine Communal Den;754552;9835329;2001;2001
Portcullis Den;724448;9842095;5/2/2015 2015-05-02;2015
Posee Plains Den;744386;9839693;2001;2001
Potea Shire Den;742805;9836653;6/16/2018,43267;2018
Pothole Den;747622;9837700;2/23/14,2012;2012
Precipice Den;726069;9841910;7/25/2017 2017-07-25;2017
Precipice Den II;726027;9841858; 2017-08-23;2017
Precipice Den III;726025;9841891; 2018-02-21;2018
Precipice Den ll;726027;9841858;8/23/2017;2017
Prescription Den;731898;9840481;2013;2013
Privet Drive Den;717846;9849364;10/14/2010 2010-10-16;2010
Puddler Den;741731;9839882;3/14/2010;2010
Punda Milia Den;733686;9837040;2001;2001
Pyramid of Giza;724698;9841306;1/23/2015 2015-01-23;2015
Railroad Den;724422;9841651;12/8/2008 2008-12-08;2008
Rainbow Road Den;745028;9836354;41794;
Rainy Day D;722647;9844903;8/18/2008 2008-08-20;2008
Rally Communal Den;754794;9835334;2001;2001
Rampage Den;719151;9833186;11/24/2008 2008-11-26;2008
Rang Natal Den;726091;9842140;8/28/2017 2017-08-28;2017
Ranger Den;745281;9840331;2004;2004
Ravenclaw Den;719000;9851018;8/29/2010 2010-08-31;2010
Redemption Den;722500;9844773;7/7/2008 2008-07-09;2008
Reese's Den;726279;9842474;3/11/2011 2011-03-13;2011
Resurrection Communal Den;747569;9838508;2003;2003
Resurrection Den 2;738869;9839332;2009?;2009
Resurrection Main Den;747453;9838546;2013;2013
Reunion Den;718924;9833667;7/13/2008 2008-07-15;2008
Reykjavik Den;719658;9851418;2/5/2011 2011-02-07;2011
Riga Den;720119;9850866;3/8/2014 2011-11-12;2014
Rio Grande Den;716415;9843882;1/4/2011 2011-01-06;2011
Rival Den;739176;9839552;5/3/15,42127;2015
Rivendell Den;723719;9841457;9/19/2010 2010-09-21;2010
Riverbend Den;748477;9838427;NA;
Roadside Den;746619;9836966;2006;2006
Roaring Frog Den;711227;9839416;9/25/2008 2008-09-27;2008
Rocky Place Den;733069;9842617;2003;2003
Rocky Place Den - east Mound;733157;9842612;NA;
Rocky Point Den;716191;9842646;5/24/2010 2010-05-26;2010
Rousseau Den;725441;9840912;12/23/2013 2013-12-23;2013
Shakespeare Den;752596;9838089;2006;2006
Shelbyville Natal Den;733853;9843116;2003;2003
Sherbert Den;742529;9840722;2008;2008
Simba Sausage Tree Communal Den;753809;9835136;2001;2001
Singizi Den;747084;9835640;41881,4189;
Skeleton Den;718827;9833960;7/30/2008;2008
Skeleton Den II;718600;9833878;7/30/2008 2008-08-01;2008
Sky Den;731831;9841108;2013;2013
Sleepy Den;731627;9840990;2009;2009
Slingshot Communal Den;733625;9841936,9839146,9839146;2001;2001
Slytherin Den;719259;9850909;8/23/2010 2010-08-25;2010
Smoke Monster D;725574;9841261; 2013-11-15;2013
Smoke Monster Den;725574;9841261;11/15/2013;2013
Snowbird Den;725146;9840846;11/24/2009 2009-11-26;2009
Soda Fountain Den;718914;9851295;9/8/2009 2009-09-10;2009
Sodom Apple Den;739990;9839623;2012;2012
Soggy Bottom Den;733520;9842824;2003;2003
South Den;724375;9842053;11/14/2008 2008-11-16;2008
Talek Gate Communal Den;745486;9840065;2001;2001
Tallinn Den;719639;9851358;1/25/2011 2011-01-27;2011
Tangawizi Den;741030;9836512;5/3/15,42127;2015
Tantalizing Communal Den;740203;9840082;2012;2012
Teapot Tree Communal Den;747611;9837597;NA;
Tempest Den;736533;9841709;2013;2013
Temple of Artemis Den;724900;9841254;6/9/2014 2014-06-09;2014
Texarkana Den;716373;9842739;6/21/2010 2010-06-23;2010
TGI Friday Communal Den;733869;9839090;2001;2001
The Hatch Den;727333;9840695;7/19/2009 2009-07-21;2009
The Staff Den;727253;9840510;2/1/2011 2011-02-03;2011
Theory of Evolution Den;739028;9845565,985;1/25/2015,42029;2015
Theory of Mind Den;738961;9845515;1/13/2015,42017;2015
Theory of Relativity Den;738161;9844569;12/10/2014,41983;2014
Thug Mansion Den;718946;9851053;9/7/2010 2010-09-09;2010
Tigris D;719693;9838330; 2014-02-08;2014
Tigris Den;719693;9838330;2/8/2014;2014
Tijuana Den;716446;9842598;8/14/2009 2009-08-16;2009
Tiny Violent Princess Den;716339;9843900; 2016-10-08;2016
Tiny Violet Princess Den;716339;9843900;10/8/2016;2016
Triangle Natal Den;743517;9837645;2006,2005;2005
Triangle Natal Den;743517;9837645;2006,2005;2006
TSA Den;724439;9841751;2/18/2017 2017-02-18;2017
Tumo Hill Den;752769;9838944;2003;2003
Tunai Den;739179;9839546;5/3/2015,42127;2015
Tunnel Den;718614;9833716;2/22/2009 2009-02-24;2009
Tunnel Gate Natal Den;733779;9842657;2003;2003
Turaco Den;729331;9839805;2003;2003
Turret Den;724950;9842127;9/9/2016 2016-09-09;2016
Twin Tree Communal Den;754210;9836549;NA;
Twin Tree/Talek Communal Den;754300;9837155;4/16/00;2000
Twister Den;740208;9840942;2007;2007
Twix Den;726356;9842540;5/16/2011 2011-05-18;2011
Ugli Den;726305;9842484;6/7/2015 2015-06-07;2015
Zeus Den;724943;9841096;6/17/2014 2014-06-17;2014
Arson Den;717309;9844189;9/13/2010 2010-09-15;2010
Ash Den Kutcher;730207;9841226;2013;2013
Avery's Den;742141;9837278;41907;
Crunk Den;718375;9849268;9/21/2014 2014-09-21;2014
Crunk Den 2;718357;9849270;5/10/2018;2018
Crunk Den II;718357;9849270; 2018-05-10;2018
Cub the Place Communal Den;738596;9839296;2012;2012
Cute Factory Den;735261;9842958;2011;2011
Furtive Communal Den;729770;9838834;2001;2001
Furtive Forest Communal Den;752169;9836323;NA;
Game Theory Den;740115;9846140;1/25/2015;2015
Gardenia Den;746979;9836020;41763;
Gatwick Den;723631;9844750;9/28/2008 2008-09-30;2008
GER's Stupid Bushes Natal Den;746763;9836138;NA;
Get the Eff Out Den;742330;9839745;11/3/2016,42677;2016
Gettysburg Den;719322;9840190;7/15/2013 2013-07-15;2013
Gila River Den;716307;9843668;11/4/2009 2009-11-06;2009
Gila River Den II;716426;9843696;12/9/2010 2010-12-11;2010
Gila River Den III;716452;9843748;12/14/2010 2010-12-16;2010
Gnu Den;740680;9837188;39998;
GOL's Sunrise Lugga Natal Den;753210;9834398;2001;2001
Goliath Heron Den;717110;9838860;9/16/2014 2014-09-16;2014
Gomer den;742749;9840733;2007;2007
Gopher Den;742195;9836628;9/1/2016,42614;2016
Mausoleun at Halicarnassus Den;742867;9841535;3/6/2015;2015
Meatloaf Den;715241;9843545;10/7/2015 2015-10-07;2015
Merry Christmas Den;719746;9847140;12/27/2012 2012-12-27;2012
Meteor Den;743037;9839224;11/21/2016,42696;2016
Simba Bridge Communal Den;754646;9836470;2001;2001
Simba Road Den;754086;9835507;2001;2001
Mtafiti Fisi Good Day Den;717251;9842925;5/28/2018 20;2018
Deedle Den;742166;9836259;7/15/2018;2018
Culvert City Den;718169;9842580;06-juil-18;2018
All Hallows' Eve Den;720265;9848034;14-juil-18;2018
Some Freaky Lions Den;719768;9848458;31-juil-18;2018
Wapi Dave Den;714577;9847556;6-Aug-18;2018
Playground Den;717122;9845961;26-sept-18;2018
Nimekufa Kindani Den;742941;9831923;13-oct-18;2018
Best Sighting Tree;743171;9832014;16-oct-18;2018
Tasty Twist's  Natal Den 2018;741318;9833938;27-oct-18;2018
ICCP Den;741352;9834009;28-oct-18;2018
Alfredo's Natal Den 2018;739945;9835531;12-nov-18;2018
Doom's Day Den 2;746900;9838610;22-janv-19;2019
Cliff Den 2;746082;9837966;01-mars-19;2019
Landscape Den;744658;9833984;10-mars-19;2019
Triangle Den 2;743525;9837582;10-mars-19;2019
Ollivander's Den 2;719198;9848864;12-janv-19;2019
Truck Stop D;718315;9846176;27-Feb-19;2019
Villa Den;744705;9834929;30-Apr-19;2019
Kampala D2;745447;9841199;3-May-19;2019
Sunny Den;742034;9836950;7-May-19;2019
Villa Den 2;744689;9835065;25-juin-19;2019
Landscape Den 2;744819;9833984;11-Apr-19;2019
Ken Griffey Jr. Natal Den 2018;740502;9834687;30-nov-18;2018
ICCP Den 2;741264;9834170;28-Dec-18;2018
Oodelali D2;718330;9849213;06-nov-18;2018
Crunk D3;718332;9849272;15-nov-18;2018
Crunk D4;718328;9849289;17-nov-18;2018
Crunk D5;718210;9849295;30-nov-18;2018
Crunk D6;718219;9849318;30-nov-18;2018
Crunk D7;718227;9849357;30-nov-18;2018
Gringotts Den 2;718197;9849416;04-Dec-18;2018
Special Den;743992;9831975;07-janv-19;2019
Kampala Den;745491;9841198;12-janv-19;2019
Villa Three Den;744590;9834965;04-juil-19;2019
Maybe Den;744661;9834239;15-juil-19;2019
Confusing Den;744211;9832288;16-juil-19;2019
Confusing Den 3;744260;9831828;21-juil-19;2019
Acacia Den;749375;9838582;7-Aug-19;2019
Confusing Den 2;744327;9831969;16-juil-19;2019
Medoc Den;741478;9837146;01-sept-19;2019
Greenland Den;743636;9832955;14-sept-19;2019
Runway Den 3;723190;9844517;02-Aug-19;2019
Dawn Den;725153;9840668;23-Aug-19;2019
Dawn Den 2;725266;9840651;01-sept-19;2019
Armani Den;715027;9847714;10-sept-19;2019
Lilac Breasted Roller Den;714856;9847447;28-sept-19;2019
Jalapeno Den;718268;9844620;30-sept-19;2019
Lupito Den;741478;9837146;01-sept-19;2019
Challah Den;717707;9844717;16-oct-19;2019
Sleepy Den;713397;9847252;18-oct-19;2019
Hullabaloo Den 2;716585;9843403;28-oct-19;2019
Dudu Den 2;725661;9841009;28-oct-19;2019
NUDI's Den;744086;9832317;04-oct-19;2019
MARO Natal Den;741559;9834813;12-oct-19;2019
Clearview Den;740944;9837464;21-oct-19;2019
5 Brother's Tree;748961;9834776;14-nov-19;2019
Innocent Den;717831;9844399;21-oct-19;2019
NUDI's Den 2;744117;9832275;24-oct-19;2019
Twix Den 2;726354;9842516;02-janv-20;2020
Runway Den 4;723175;9844446;05-Feb-20;2020
Runway Den;744912;9834809;22-Feb-20;2020
Temple of Artemis Den 2;724393;9845214;07-oct-20;2020
Circe Den;724870;9840956;17-Feb-21;2021
Burning Den;721298;9846439;30-Apr-21;2021
Superstar Den;724855;9840062;03-May-21;2021
Superstar Den 2;724791;9840072;12-May-21;2021
Eyrie Den;718933;9843943;22-juin-21;2021
Eyrie Den 2;718888;9843911;22-juin-21;2021
Tunda Den;746356;9829472;28-juil-21;2021
Uwanja Den;741146;9837638;21-sept-21;2021
Superstar Den 3;724828;9840099;07-Aug-21;2021
Ambush Den;718804;9844364;01-sept-21;2021
Nchoko Den;724749;9839441;28-oct-21;2021
Nchoko Den 2;724689;9839404;27-oct-21;2021
Lone Elephant Den;724765;9839596;04-Dec-21;2021
Skyship Den;718650;9849556;06-Dec-21;2021
Skyship Den 2;718661;9849594;06-Dec-21;2021
Lone Elephant Den2;724875;9839737;16-Dec-21;2021
Lone Elephant Den 3;724854;9839665;21-janv-22;2022
Lugga Den 4;718622;9844671;22-janv-22;2022
Lone Elephant Den 4;724824;9839786;13-mars-22;2022
Buffalo Den;719627;9837833;13-juin-22;2022
Buffalo Den 2;719576;9837833;13-juin-22;2022
Marsh Den;743995;9830199;12-oct-21;2021
Umoja Den;743848;9829512;10-Dec-21;2021
Uwanja Den 2;0741327;9837697;12-oct-21;2021
Hills Den;741111;9836428;07-nov-21;2021
Jambo Den;744071;9831121;29-Dec-21;2021
Open Grassland Den;744254;9840987;27-janv-22;2022
Teenagers Den;740354;9840168;1-Apr-22;2022
Teenagers Den 2;740456;9840079;1-Apr-22;2022
Mechi Den;740464;9839463;22-May-22;2022
Azimio Den;739439;9835885;1-Dec-21;2021
Oppo Den;719296;9849416;13-juil-22;2022
Oppo Den 2;719248;9849349;13-juil-22;2022
Oppo Den 3;719226;9849308;16-juil-22;2022
Migration Den;719721;9937675;18-juil-22;2022
Migration Den 2;719675;9837753;20-juil-22;2022
Saito's Den;725054;9840520;20-Aug-22;2022
Saito's Den 2;724929;9840470;22-Aug-22;2022
Crunk Den 8;718181;9849203;30-sept-22;2022
Mechi Den 2;740210;9839323;12-juil-22;2022
Hot Air Den;739673;9839408;28-juil-22;2022
Low Way Den;740099;9838009;5-Aug-22;2022
Serenity Den;744262;9830983;6-Aug-22;2022
Anke Den;720006;9838022;01-Aug-22;2022
Mars Den;723417;9840596;13-oct-22;2022
Scenic Den;722522;9841425;29-nov-22;2022
Migration Den 3;719817;9837650;07-janv-23;2023
Coincidence Den 2;719576;9837606;26-janv-23;2023
Changra Den;718635;9849330;07-janv-23;2023
Wild Berry Den;718776;9849282;14-janv-23;2023
Changra Den 2;718673;9849323;18-janv-23;2023
Big Sky Den 2;725618;9841109;07-janv-23;2023
Migration Den 4;719680;9837699;24-Feb-23;2023
Migration Den 5;719569;9837708;24-Feb-23;2023
Bird Bath Den;725337;9841541;23-Feb-23;2023
The Burrow Den;719609;9848844;27-mars-23;2023
Buffalo Den 3;719601;9837946;18-may-23;2023
Some Freaky Lions Den 3;719745;9848487;19-may-23;2023
Bumps Den;720228;9848425;26-may-23;2023
Coincidence Den 3;719594;9837659;02-juin-23;2023
Swimming Pool Den;719290;9837476;03-juin-23;2023
Budget Den;726001;9840573;16-juin-23;2023
Budget Den 2;725907;9840517;18-juil-23;2023
Log Cabin's Culvert Den;721069;9847570;25-juil-23;2023
Beanie Baby Den;720236;9847748;16-Aug-23;2023
