landmark_id,utme,utmn,clan,X,Y
DOC_Den_2,747700,9837031,talek,35.22618521,-1.473308596
Disappointment_Den,721449,9846717,happyzebra,34.99028212,-1.385954748
Alumni_Den,718903,9833540,happyzebra,34.96751155,-1.505118924
Schiphol_Den,723441,9844921,serenan,35.00819172,-1.402178373
Grits_Den,724180,9846138,serenan,35.0148214,-1.391168968
Benedict_Den,723973,9846252,serenan,35.01296089,-1.390139819
Rocky_Point_Den,716191,9842646,happyzebra,34.94307451,-1.422804306
Bordello_Den,721485,9847576,serenan,34.99059907,-1.378187599
Flapjack_Den,724252,9846273,serenan,35.0154672,-1.389947793
Stanky_Watering_Hole,721834,9847328,serenan,34.99373631,-1.380427312
Mindy's_Den,721772,9847129,serenan,34.99318081,-1.38222709
DeGaulle_Den,723652,9844975,serenan,35.0100869,-1.401688486
Holy_Grail_Den,719087,9840152,happyzebra,34.96911211,-1.445332545
National_Cornchip_Day_Den,720449,9847591,serenan,34.98129165,-1.378059784
Lalalugga,724043,9846510,serenan,35.01358778,-1.387806537
Texarkana_Den,716373,9842739,happyzebra,34.94470895,-1.421962013
Ollivander's_Den,719224,9848877,serenan,34.97027679,-1.36644112
All_Hallows'_Eve_Den,720265,9848034,serenan,34.9796353,-1.374055639
Kruuk's_Culvert,724529,9846377,serenan,35.01795491,-1.389005326
The_Grotto,723715,9846490,serenan,35.01064125,-1.387989894
Lugga_Den_II,718642,9844590,happyzebra,34.96508009,-1.405208074
Wapi_Dave_Den,714577,9847556,happyzebra,34.92853748,-1.378419842
Lugga_Den,718649,9844548,happyzebra,34.9651433,-1.405587781
Runway_Den_3,723190,9844517,serenan,35.00593988,-1.405833157
Runway_Den,723060,9844579,serenan,35.0047715,-1.405273582
Airfield,723651,9844648,serenan,35.01008044,-1.404645115
Snowbird_Den,725146,9840846,serenas,35.0235412,-1.439009526
Dawn_Den,725153,9840668,serenas,35.02360551,-1.44061887
Dawn_Den_2,725266,9840651,serenas,35.02462083,-1.440771669
Foggy_Den,724958,9840745,serenas,35.02185303,-1.439924234
Armani_Den,715027,9847714,happyzebra,34.93257922,-1.376987894
Lilac_Breasted_Roller_Den,714856,9847447,happyzebra,34.93104487,-1.379403385
Foxy_Ditch_With_a_B,722517,9844773,serenan,34.99989174,-1.4035237
Oceanic_Den,725466,9841032,serenas,35.02641457,-1.437325227
Big_Sky_Den,725670,9841131,serenas,35.02824649,-1.436428476
Dudu_Den,725634,9840969,serenas,35.02792436,-1.437893496
Dudu_Den_2,725661,9841009,serenas,35.02816661,-1.437531617
Big_Bush_Communal_Den,748061,9838502,serenas,35.22941485,-1.460006962
Hanging_Gardens_Den,724783,9841530,serenas,35.0202746,-1.432827985
Library_of_Alexandria_Den,724889,9841438,serenas,35.02122762,-1.433658966
Jalapeno_Den,718268,9844620,happyzebra,34.9617198,-1.40493966
Super_Conspicuous_Bush,718541,9844712,happyzebra,34.96417177,-1.40410573
Challah_Den,717707,9844717,happyzebra,34.95667897,-1.404066845
Sleepy_Den,731627,9840990,happyzebra,35.08176374,-1.437654846
Nogales_Den,716267,9842643,happyzebra,34.94375734,-1.422830854
Innocent_Den,717831,9844399,happyzebra,34.9577954,-1.406941244
Hullabaloo_Den_2,716585,9843403,happyzebra,34.94660859,-1.415956507
Metropolitan_Tree,716285,9842750,happyzebra,34.94391825,-1.421863221
Tijuana_Den,716446,9842598,happyzebra,34.94536587,-1.423236379
Runway_Den_4,723175,9844446,serenan,35.00580567,-1.406475233
Twix_Den_2,726354,9842516,serenas,35.03438042,-1.423900477
Suzi_Den_III,726324,9842426,serenas,35.03411162,-1.424714453
Love_Shack_Mound,726404,9842532,serenas,35.03482949,-1.423755414
Biscuits_n'_Gravy_Den,722792,9845795,serenan,35.00235448,-1.394280957
Guava_Den,725917,9842387,serenas,35.03045552,-1.42507032
Muffin_Den,723990,9845939,serenan,35.01311601,-1.392969721
Boo_Tree,722656,9846214,serenan,35.00112948,-1.390493528
Unremarkable_Tree,722867,9847182,serenan,35.00301771,-1.381739548
IAT_Den,718355,9849119,serenan,34.96246796,-1.364259408
J_Fab_Den,718389,9849092,serenan,34.96277361,-1.364503289
The_Hatch_Den,727333,9840695,serenas,35.04319013,-1.440357157
Casino_X,727028,9841002,serenas,35.04044759,-1.437583894
Circe_Den,724870,9840956,serenas,35.02106076,-1.438017164
The_Staff_Den,727253,9840510,serenas,35.04247291,-1.442030477
Burning_Den,721298,9846439,serenan,34.98892765,-1.388469508
Superstar_Den,724855,9840062,serenas,35.02093313,-1.446100466
Lighthouse_Den,727206,9840510,serenan,35.04205067,-1.442030859
Superstar_Den_2,724791,9840072,serenas,35.02035808,-1.446010566
Def_Leppard_Crossing,727558,9840214,serenas,35.04521537,-1.444704271
Eyrie_Den,718933,9843943,happyzebra,34.96769937,-1.411055961
Eyrie_Den_2,718888,9843911,happyzebra,34.96729533,-1.411345645
Superstar_Den_3,724828,9840099,serenas,35.02069027,-1.445766145
Nchoko_Den,724749,9839441,serenas,35.01998581,-1.451716151
Nchoko_Den_2,724689,9839404,serenas,35.01944707,-1.452051174
Lone_Elephant_Den,724765,9839596,serenas,35.02012831,-1.450314574
Lone_Elephant_Den2,724875,9839737,serenas,35.02111542,-1.449038822
Lone_Elephant_Den_3,724854,9839665,serenas,35.02092733,-1.449689986
Lone_Elephant_Den_4,724824,9839786,serenas,35.02065684,-1.448596195
Lugga_Den_III,718592,9844639,happyzebra,34.96463051,-1.404765401
Lugga_Den_4,718622,9844671,happyzebra,34.9648998,-1.404475832
Buffalo_Den,719627,9837833,happyzebra,34.97398184,-1.466296356
Buffalo_Crossing,752924,9837404,happyzebra,35.27310754,-1.469888944
Saito's_Den_2,724929,9840470,serenas,35.02159469,-1.442410903
Mars_Den,723417,9840596,serenas,35.00800991,-1.44128376
Saito's_Den,725054,9840520,serenas,35.02271728,-1.441957819
Crunk_D4,718328,9849289,serenan,34.96222414,-1.362722481
Crunk_Den_8,718181,9849203,serenan,34.96090413,-1.363501169
Diagon_Alley_Den_II,717981,9849311,serenan,34.95910654,-1.362526112
Crunk_D3,718332,9849272,serenan,34.9622602,-1.362876164
Big_Sky_Den_2,725618,9841109,serenas,35.0277795,-1.436627807
Bird_Bath_Den,725337,9841541,serenas,35.02525159,-1.432724104
Lonely_Tube,725158,9841224,serenas,35.023646,-1.435591714
Changra_Den,718635,9849330,serenan,34.96498192,-1.362349499
Wild_Berry_Den,718776,9849282,serenan,34.96624901,-1.36278247
Judith_Den,718861,9849286,serenan,34.96701261,-1.362745675
The_Burrow_Den,719609,9848844,serenan,34.97373584,-1.366736643
Migration_Den_3,719817,9837650,happyzebra,34.97569031,-1.467949497
Migration_Den,719721,9937675,happyzebra,34.97427867,-0.56353669
Coincidence_Den_2,719576,9837606,happyzebra,34.97352544,-1.468349263
Coincidence_D,719522,9837495,happyzebra,34.97304117,-1.46935334
Migration_Den_4,719680,9837699,happyzebra,34.97445907,-1.467507541
Migration_Den_5,719569,9837708,happyzebra,34.97346174,-1.46742705
Grand_Theft_Auto_Den,717033,9844406,happyzebra,34.95062597,-1.406883995
Arson_Den,717309,9844189,happyzebra,34.95310724,-1.408844014
Bellagio_ND,726391,9840882,serenas,35.03472585,-1.438674016
Homicide_Den,717090,9844193,happyzebra,34.95113967,-1.408809505
FML_Den,725171,9841252,serenas,35.02376256,-1.435338446
Vandalism_Den,717253,9844123,happyzebra,34.95260463,-1.409441208
Rousseau_Den,725441,9840912,serenas,35.02619093,-1.438410415
Windsor_Den,716432,9842596,happyzebra,34.9452401,-1.42325457
Amazon_Den,719656,9838561,happyzebra,34.97423663,-1.459713659
Larceny_Den,717242,9843722,happyzebra,34.95250882,-1.413067122
Gettysburg_Den,719322,9840190,happyzebra,34.97122311,-1.444987111
LBJ_X,720116,9840087,happyzebra,34.97835738,-1.445912176
Schmuzty_Den,720201,9839904,happyzebra,34.97912247,-1.44756616
Schmuck_Den,720374,9839933,happyzebra,34.98067651,-1.447302581
Oy_Vey_Den,721091,9840261,happyzebra,34.98711558,-1.444331206
Mashugana_Den,721208,9840487,happyzebra,34.98816495,-1.44228684
Mashugana_Den_II,721189,9840596,happyzebra,34.9879934,-1.441301437
Bubula_Den,720534,9840559,happyzebra,34.98210907,-1.441641146
Gila_River_Den_II,716426,9843696,happyzebra,34.94517789,-1.413308405
Gila_River_Den,716307,9843668,happyzebra,34.94410897,-1.413562483
Gila_River_Den_III,716452,9843748,happyzebra,34.94541109,-1.412838024
Tigris_Den,719693,9838330,happyzebra,34.97457087,-1.461802032
Serena_Maji_Fisi,719330,9838487,happyzebra,34.97130833,-1.460385344
Inselberg_View,717041,9838432,happyzebra,34.95074359,-1.460900713
Goliath_Heron_Den,717110,9838860,happyzebra,34.95136018,-1.457030207
Cannibal_Cami_Den,718608,9836934,happyzebra,34.96483392,-1.47443313
Whooping_Cami_Den,718655,9836894,happyzebra,34.9652565,-1.474794431
Airstrip_Den,723463,9844931,serenan,35.00838929,-1.402087786
Redemption_Den,722500,9844773,serenan,34.99973902,-1.403523831
Holy_Grail_Den_II,718859,9840103,happyzebra,34.96706408,-1.445777385
Magic_Marsh,724859,9846540,serenan,35.02091829,-1.387528995
Uji_Den,723067,9846159,serenan,35.00482226,-1.390987667
Best_Friends_Forever_Water_Hole,723988,9845795,serenan,35.01309915,-1.394271732
Runway_Den_II,723179,9844719,serenan,35.0058395,-1.404006823
Wanderlust_Den,722573,9844992,serenan,35.00039316,-1.401543133
Maji_ya_Ndege,720930,9849994,serenan,34.98559505,-1.356328733
Twin_Culverts,716967,9849024,serenan,34.94999885,-1.365128603
Crunk_Den,718375,9849268,serenan,34.96264654,-1.362912015
Two_Term_Tree,719196,9848470,serenan,34.97002824,-1.370121372
Rainy_Day_D,722647,9844903,serenan,35.00105865,-1.402347273
Bakery_Den,722709,9844770,serenan,35.00161668,-1.40354934
Boone_Den,725499,9840852,serenas,35.02671247,-1.438952443
Claire_Den,725383,9840846,serenas,35.02567039,-1.439007624
Mr._Eko_Den,725291,9840944,serenas,35.02484309,-1.438122289
The_Abyss,725061,9842224,serenas,35.02276663,-1.426550909
Temple_of_Artemis_Den,724900,9841254,serenas,35.02132791,-1.43532253
Zeus_Den,724943,9841096,serenas,35.02171547,-1.436750757
Polar_Bear_Den,725352,9840838,serenas,35.02539195,-1.439080205
Jackson's_Hole_Den,725657,9841081,serenas,35.0281301,-1.436880657
Summit_Den,726881,9841004,serenas,35.03912696,-1.437566998
Airfield,723651,9844648,serenas,35.01008044,-1.404645115
Island_Den,725384,9840990,serenas,35.02567822,-1.43770563
Lost_Den,725277,9841016,serenas,35.02471674,-1.437471408
Pyramid_of_Giza,724698,9841306,serenas,35.01951274,-1.434853981
Sawyer_Den,725256,9840952,serenas,35.02452858,-1.438050237
Colossus_of_Rhodes_Den,725114,9841436,serenas,35.02324902,-1.433675252
Defenestrate_Den,725405,9841812,serenas,35.02586035,-1.430273296
Cripple_Tree,727202,9842261,serenas,35.0420007,-1.426199272
Pride_Rock,718416,9839082,happyzebra,34.96309201,-1.455012642
Reach_Out_and_Touch_Mound,718766,9849195,serenan,34.9661598,-1.363569189
Baobab_Tree,718077,9837971,happyzebra,34.96005503,-1.465060887
Whoopi_Tree,713256,9842517,happyzebra,34.91670636,-1.42399295
Summit_Den,726881,9841004,happyzebra,35.03912696,-1.437566998
Murram_Pit_Three,718800,9836563,happyzebra,34.96656187,-1.477786138
Fisi_Mingi_Luga,719201,9836421,happyzebra,34.97016574,-1.47906687
BobLobLog,718774,9837487,happyzebra,34.96632095,-1.469431639
Sausage_Tree,721907,9836461,happyzebra,34.99447695,-1.478683342
Euphrates_Den,719599,9838284,happyzebra,34.97372671,-1.462218705
Oodelali_Den,718352,9849222,serenan,34.96244025,-1.363328113
Sneaky_Rock,725623,9841853,serenas,35.0278185,-1.429900852
Moat_Den,724573,9842044,serenas,35.01838391,-1.428182273
Portcullis_Den,724448,9842095,serenas,35.01726052,-1.427722144
Monolith,726441,9842206,serenas,35.03516448,-1.426702651
Moonset_Den,720892,9838075,happyzebra,34.98534501,-1.464098127
Albatross_Den,718494,9849303,serenan,34.96371538,-1.362594671
Mango_Den,726226,9842324,serenas,35.03323202,-1.425637471
Kit_Kat_Den,726433,9842488,serenas,35.03509037,-1.424153009
Twix_Den,726356,9842540,serenas,35.0343982,-1.423683465
Meatloaf_Den,715241,9843545,happyzebra,34.93453265,-1.414682709
DeGaulle_Den_II,723670,9844868,serenan,35.01024943,-1.402655803
Blowin'_in_the_Wind_Tree,721116,9845013,happyzebra,34.9873034,-1.401364473
Rocky_Spot,731691,9832225,happyzebra,35.0824125,-1.516900773
Houdini_Den,716763,9843937,happyzebra,34.94820376,-1.41112673
Black_Bellied_Bustard_Bird_Junction,717929,9843588,happyzebra,34.95868198,-1.414273511
Sneaky_Hole,717935,9849965,serenan,34.95868851,-1.356613021
Ilvermorny_Den,719409,9848777,serenan,34.97193955,-1.367343934
Portkey_Junction,719362,9848345,serenan,34.9715205,-1.371250371
Kabbalah_Den,718423,9849180,serenan,34.96307842,-1.36370735
Bastion_Den,724676,9842170,serenas,35.01930826,-1.427042213
Turret_Den,724950,9842127,serenas,35.02177019,-1.427428825
Granualie_Gen,721416,9841468,happyzebra,34.99002596,-1.433415226
ARBA_Natal_Den,721527,9841357,happyzebra,34.99102406,-1.434417989
Cacophony_Den,716718,9843752,happyzebra,34.94780087,-1.412799841
Hullabaloo_Den,716721,9843423,happyzebra,34.9478303,-1.415774634
Uproar_Den,716771,9843244,happyzebra,34.94828086,-1.417392771
Clamor_Den,716904,9843283,happyzebra,34.94947547,-1.417039121
Hubbub_Den,716847,9843520,happyzebra,34.94896158,-1.414896604
Extortion_Den,717163,9843805,happyzebra,34.95179845,-1.412317239
Judith_Den2,718910,9849244,serenan,34.96745313,-1.363125072
Tiny_Violet_Princess_Den,716339,9843900,happyzebra,34.94439473,-1.411464493
Calexico_Den,716384,9842738,happyzebra,34.94480778,-1.421970971
Bran_Den,724394,9842200,serenas,35.01677457,-1.426773202
TSA_Den,724439,9841751,serenas,35.01718238,-1.43083253
Angry_Ele_Den,718523,9844405,happyzebra,34.96401238,-1.406881733
Ambush_Gardenia,718904,9844347,happyzebra,34.96743577,-1.407403259
Defenestrate_Den2,725495,9841916,serenas,35.02666807,-1.429332255
Ugli_Den,726305,9842484,serenas,35.03394047,-1.424190197
Suzi_Den_3,726324,9842426,serenas,35.03411162,-1.424714453
Angry_Ele_Den_2,718503,9844377,happyzebra,34.96383291,-1.407135058
Lugga_Den2,718624,9844590,happyzebra,34.96491838,-1.405208211
Lugga_Den_lll,718592,9844639,happyzebra,34.96463051,-1.404765401
Suzi_Den,726298,9842460,serenas,35.03387778,-1.424407249
Mango_Den_ll,726233,9842257,serenas,35.03329544,-1.426243197
Bberry_Den,725937,9841648,serenas,35.03064106,-1.431751856
Precipice_Den_ll,726027,9841858,serenas,35.03144794,-1.429852414
Precipice_Den,726069,9841910,serenas,35.03182485,-1.429381918
Rang_Natal_Den,726091,9842140,serenas,35.03202066,-1.42730219
Seatac_Den,723326,9844804,serenan,35.00715947,-1.40323714
Bright_Eyes_Den_ll,718276,9848942,serenan,34.96175952,-1.365860411
Bright_Eyes_Den,718430,9848948,serenan,34.96314301,-1.365805023
Diagon_Alley_ll,717981,9849311,serenan,34.95910654,-1.362526112
Diagon_Alley_Den,717949,9849283,serenan,34.95881926,-1.362779522
Gringotts_Den,718155,9849595,serenan,34.96066768,-1.359956924
Whomping_Willow_Den,718529,9849152,serenan,34.96403092,-1.363959741
Soda_Fountain_Den,718914,9851295,serenan,34.96747411,-1.344580119
Precipice_Den_III,726025,9841891,serenas,35.03142971,-1.429554059
Precipice_Den_II,726027,9841858,serenas,35.03144794,-1.429852414
Hipposhi_Tree,720252,9850728,serenan,34.97949863,-1.349697054
Crunk_Den_2,718357,9849270,serenan,34.96248482,-1.362894064
Comatose_Culvert,718092,9841661,happyzebra,34.96016111,-1.431696062
Mtafiti_Fisi_Good_Day_Den,717251,9842925,happyzebra,34.95259572,-1.420273503
Some_Freaky_Lions_Den,719768,9848458,serenan,34.97516714,-1.370225615
WAFL_Natal_Den,719230,9849296,serenan,34.97032761,-1.362652529
Culvert_City_Den,718169,9842580,happyzebra,34.96084586,-1.423385938
Dying_Cub_Culvert,718528,9842766,happyzebra,34.96406976,-1.421701381
Silk_Natal_Den,717186,9846659,happyzebra,34.95198374,-1.38651127
Oodelali_D2,718330,9849213,serenan,34.96224267,-1.363409652
Crunk_Den_II,718357,9849270,serenan,34.96248482,-1.362894064
Crunk_D5,718210,9849295,serenan,34.96116399,-1.362669098
Crunk_D7,718227,9849357,serenan,34.96131626,-1.362108374
Crunk_D6,718219,9849318,serenan,34.96124468,-1.362461068
TEDY_Natal_Den,718187,9849410,serenan,34.96095652,-1.361629446
Gringotts_Den_2,718197,9849416,serenan,34.96104631,-1.361575121
Solid_Bottom_Crossing,717259,9846612,happyzebra,34.95263993,-1.386935698
Ollivander's_Den_2,719198,9848864,serenan,34.9700433,-1.366558857
Log_Cabin's_Culvert,721069,9840826,serenan,34.9869135,-1.439222774
CERN_Den,719534,9838825,happyzebra,34.97313847,-1.457327578
Truck_Stop_D,718315,9846176,happyzebra,34.96213037,-1.390870076
Unremarkable_Den,722850,9847268,serenan,35.00286434,-1.380962092
Mag_Den,719366,9850839,serenan,34.97153813,-1.348699915
Gryffindor_Den,719173,9851289,serenan,34.96980098,-1.344632482
Slytherin_Den,719259,9850909,serenan,34.97057635,-1.348067767
Ravenclaw_Den,719000,9851018,serenan,34.96824873,-1.347084096
Hufflepuff_Den,718886,9851135,serenan,34.96722372,-1.346027027
Thug_Mansion_Den,718946,9851053,serenan,34.96776335,-1.346768024
Durmstrang_Den,719067,9851012,serenan,34.9688507,-1.347137858
Beauxbatons_Den,718987,9850937,serenan,34.96813253,-1.347816584
Hogshead_Den,717723,9849485,serenan,34.9567874,-1.360954709
Privet_Drive_Den,717846,9849364,serenan,34.95789332,-1.362047882
Chamber_of_Secrets_Den,717726,9849379,serenan,34.95681513,-1.361913134
3_Broomsticks_Den,717702,9849474,serenan,34.95659882,-1.361054325
South_Den,724375,9842053,serenas,35.01660503,-1.428102471
Railroad_Den,724422,9841651,serenas,35.01703045,-1.431736826
Phil's_Tree,724090,9842018,serenas,35.01404489,-1.428421188
Muddy_Waters,723516,9841763,serenas,35.00889011,-1.430731354
9km_Marker,718048,9842058,happyzebra,34.95976276,-1.428106756
Suzi_Den_II,726321,9842497,serenas,35.03408411,-1.424072529
Ice_Age_Den,727052,9842117,serenas,35.04065428,-1.427502449
Elm_Street_Den,726446,9842434,serenas,35.03520758,-1.424641147
Orchid_Den,725445,9840897,serenas,35.02622698,-1.438546006
Hydra_Den,725559,9840851,serenas,35.02725151,-1.438961002
Pearl_Den,725783,9840988,serenas,35.02926281,-1.437720509
Western_Front,723896,9840291,serenas,35.01231567,-1.444037636
Submarine_Den,725144,9840834,serenas,35.02352333,-1.439118041
Dharma_Den,725495,9840858,serenas,35.02667649,-1.438898225
Hurley_Den,725185,9840831,serenas,35.02389169,-1.439144837
Locke_Den,725145,9840826,serenas,35.02353237,-1.439190366
Hallelujah_Den,723071,9841425,serenas,35.00489489,-1.433790963
Egyptian_Goose,718296,9839943,happyzebra,34.96200718,-1.447228497
Rivendell_Den,723719,9841457,serenas,35.01071626,-1.433496491
Lighthouse_Den,727206,9840510,serenas,35.04205067,-1.442030859
Reese's_Den,726279,9842474,serenas,35.03370697,-1.424280819
Milky_Way_Den_Deleted,726313,9842410,serenas,35.03401293,-1.424859205
Heath_Den,726486,9842170,serenas,35.03556903,-1.427027786
Rock_Lobster,726082,9842504,serenas,35.03193692,-1.424011145
Kuni_Beach,728652,9842728,serenas,35.05502337,-1.421965267
Mr._Cluck's_Chicken_Shack_Den,726936,9840626,serenas,35.0396241,-1.440984236
Tailies_Den,726801,9840354,serenas,35.03841347,-1.443444614
Helsinki_Den,719644,9851282,serenan,34.97403242,-1.344692334
Oslo_Den,719597,9851224,serenan,34.9736106,-1.345217106
Stockholm_Den,719632,9851320,serenan,34.97392434,-1.344348831
Tallinn_Den,719639,9851358,serenan,34.97398695,-1.344005189
Copenhagen_Den,719620,9851394,serenan,34.973816,-1.343679821
Reykjavik_Den,719658,9851418,serenan,34.97415721,-1.343462539
Gothenburg_Den,719679,9851370,serenan,34.97434622,-1.343896395
Aarhus_Den,719884,9851382,serenan,34.97618781,-1.343786393
Serena_Camp,724390,9845214,serenan,35.01671512,-1.399521801
Moscow_Den,719942,9851358,serenan,34.97670905,-1.344002973
Mega_Junction,720751,9851603,serenan,34.98397516,-1.341781799
St_Petersburg_Den,719940,9851218,serenan,34.9766921,-1.345268846
Nyumba_Ndege_Den,724224,9846508,serenan,35.01521385,-1.387823226
Scrapple_Den,724111,9846482,serenan,35.01419889,-1.388059179
Crepes_Den,724243,9846030,serenan,35.01538821,-1.392144977
Frittata_Den,723884,9846260,serenan,35.01216127,-1.390068172
Pancake_Den,723933,9845900,serenan,35.01260423,-1.393322785
Chex_Den,723983,9846130,serenan,35.01305166,-1.391242822
Bergen_Den,720253,9851464,serenan,34.97950224,-1.343042261
Vaasa_Den,720189,9851280,serenan,34.97892862,-1.344706427
Kolding_Den,720256,9851264,serenan,34.97953065,-1.344850605
Little_Big_Horn_D,719101,9840221,happyzebra,34.96923735,-1.444708546
Salander_Den,720032,9850724,serenan,34.97752221,-1.34973484
Riga_Den,720119,9850866,serenan,34.97830277,-1.34845026
Rio_Grande_Den,716415,9843882,happyzebra,34.94507766,-1.411626675
Sweetgrass_Den,716351,9844270,happyzebra,34.94449976,-1.408118858
Sault_St._Marie_Den,716352,9844324,happyzebra,34.94450834,-1.407630581
Cocobeach_Den,716199,9844306,happyzebra,34.94313389,-1.407794491
Strasbourg_Den,716325,9844272,happyzebra,34.94426616,-1.40810097
Hit_and_Run_Den,716588,9845972,happyzebra,34.94661632,-1.392727579
Embezzlement_Den,716439,9845940,happyzebra,34.94527792,-1.393018036
Driving_under_the_Influence_Den,716653,9846058,happyzebra,34.94719965,-1.391949482
Alamo_Den,719098,9840106,happyzebra,34.9692113,-1.445748385
Burnt_Crossing,715967,9841842,happyzebra,34.94106812,-1.430075805
Juarez_Den,716375,9842579,happyzebra,34.94472813,-1.423408719
Krakow_Den,719919,9851134,serenan,34.97650405,-1.346028515
Malmö_Den,720175,9851218,serenan,34.9788033,-1.345267123
Guca_Den,720474,9851196,serenan,34.98148962,-1.345463849
Belgrade_Den,719841,9851154,serenan,34.97580317,-1.345848249
Budapest_Den,719781,9851170,serenan,34.97526402,-1.345704019
New_Queen's_Throne_Natal_Den,719751,9851136,serenan,34.97499475,-1.346011662
Emma_Natal_Den_2_2012,719731,9847250,serenan,34.97484372,-1.381148447
Emma_Natal_Den_2012,719768,9847218,serenan,34.97517637,-1.381437508
Merry_Christmas_Den,719746,9847140,serenan,34.9749793,-1.382142938
Kahana_Den,727319,9840910,serenas,35.04306262,-1.438413355
Nightmare_Den,727399,9840910,serenas,35.04378133,-1.438412707
Flashforward_Den,727377,9840658,serenas,35.04358571,-1.440691334
Java_House_Den,727353,9840692,serenas,35.04336983,-1.440384119
Oxytocin_Den,724934,9841116,serenas,35.02163446,-1.436569997
Mexicalli_Den,716255,9842748,happyzebra,34.94364873,-1.421881533
Happy_New_Year_Den,719821,9847114,serenan,34.9756533,-1.382377462
Pile-o-rocks_Crossing,721209,9848004,serenan,34.98811632,-1.374319802
Rhombush,720508,9848034,serenan,34.98181839,-1.374053817
Big_Bush_Communal_Den,748061,9838502,talek,35.22941485,-1.460006962
Big_Bush_Den,748061,9838502,talek,35.22941485,-1.460006962
Resurrection_Main_Den,747453,9838546,talek,35.22395291,-1.459614631
Lala_Den,744591,9841032,talek,35.19822216,-1.437165263
Green_Den,729719,9840569,talek,35.06462639,-1.441476919
Dicks_Den,747390,9837245,talek,35.2233986,-1.471376751
Fireworks_Den,741990,9840708,talek,35.17486024,-1.440116966
Den_One_Creek_Den_Complex,747634,9837096,talek,35.22559175,-1.472721568
Fig_Tree_Lugga_-_Top,743852,9840260,talek,35.19159046,-1.444151024
Flintstone_Den,747000,9837149,talek,35.21989613,-1.472248143
Tawny_Tree,743097,9840863,talek,35.18480311,-1.438706094
Daffy_Duck_Shrub,747248,9837085,talek,35.22212446,-1.472824495
Lone_Ranger_Natal_Den,747004,9836618,talek,35.21993682,-1.477048569
Man_Bush,745939,9837669,talek,35.21036061,-1.467556628
Leopard_Sex_Crossing,747704,9837000,talek,35.22622142,-1.473588812
Farmer's_Den,739847,9835373,talek,35.15565554,-1.488368092
Resurrection_Communal_Den,747569,9838508,talek,35.22499526,-1.459957128
Central_Park_Communal_Den,746472,9838970,talek,35.21513698,-1.455790236
Mountaineer_Den,747043,9838583,talek,35.22026962,-1.459283799
Cliff_Den,746018,9837982,talek,35.21106749,-1.464726254
Magic_Bush_Den,746745,9838653,talek,35.21759211,-1.458653627
Nimekufa_Kindani_Den,742941,9831923,talek,35.1834808,-1.519530769
Special_Den,743992,9831975,talek,35.19292176,-1.519051031
Doom's_Day_Den_2,746900,9838610,talek,35.21898483,-1.459040983
Cliff_Den_2,746082,9837966,talek,35.21164254,-1.46487033
Landscape_Den,744658,9833984,talek,35.19888634,-1.500882458
Landscape_Den_2,744819,9833984,talek,35.20033263,-1.500880994
Villa_Den,744705,9834929,talek,35.19930003,-1.492338718
Sayialel_Crossing,746881,9838682,talek,35.21881352,-1.458390242
Cool_Beans_Bush,744761,9835143,talek,35.19980116,-1.490403536
Villa_Den_2,744689,9835065,talek,35.19915508,-1.491109349
Confusing_Den,744211,9832288,talek,35.19488624,-1.516219323
Confusing_Den_2,744327,9831969,talek,35.19593121,-1.519102198
Confusing_Den_3,744260,9831828,talek,35.19533062,-1.520377534
Greenland_Den,743636,9832955,talek,35.18971482,-1.510194509
NUDI's_Den,744086,9832317,talek,35.19376307,-1.515958292
Dave_Den,747491,9837478,talek,35.22430378,-1.469269429
Dave's_Den,747491,9837478,talek,35.22430378,-1.469269429
Croton_Edge_Communal_Den,746952,9837148,talek,35.21946496,-1.472257616
NUDI's_Den_2,744117,9832275,talek,35.19404193,-1.516337712
Acacia_Den,749375,9838582,talek,35.24121748,-1.459271925
Aardwolf_Communal_Den,745294,9838050,talek,35.20456323,-1.464117949
Plantation_Den,746293,9839498,talek,35.2135244,-1.451018463
Olosogon_West_Bank_Natal_Den,754909,9835790,talek,35.29095277,-1.484461118
Fever_Tree_Natal_Den/Communal_Den_Complex,753681,9837484,talek,35.27990659,-1.469158762
Twin_Tree_Crossing,754110,9836521,talek,35.28376896,-1.477860338
Sunrise_Valley_Communal_Den/Natal_Den,753524,9837427,talek,35.27849686,-1.469675493
Maji_Fisi,745018,9838398,talek,35.20208086,-1.460974298
Dream_Camp,746192,9838993,talek,35.21262157,-1.455584791
Base_Natal_Den/Communal_Den,746442,9838893,talek,35.21486818,-1.456486617
Doom's_Day_Den,747037,9838562,talek,35.22021591,-1.459473701
Paradise_Den,746378,9836793,talek,35.21431193,-1.475472138
Aardvark_Road_Trees,746563,9836736,talek,35.21597429,-1.475985777
Magic_Culvert,747371,9836013,talek,35.223239,-1.482514691
Ranger_Den,745281,9840331,talek,35.20442644,-1.443496651
No_See_Em_Den,744984,9840806,talek,35.2017544,-1.439205
Alternate_Aardvark_Communal_Den,746470,9837032,talek,35.21513623,-1.473310642
Holiday_Communal_Den,746505,9836828,talek,35.21545245,-1.475154579
Tumo_Hill_Den,752769,9838944,talek,35.27170123,-1.455968622
FM_Den,752888,9838905,talek,35.27277051,-1.456320101
Over_the_River_Den,753542,9837353,talek,35.27865922,-1.470344291
Talek_Lugga_Crossing,745099,9840066,talek,35.20279387,-1.445893985
Boulevard_Den,744985,9839134,talek,35.20177796,-1.45432076
Kinda-See-Em_Den,745124,9840497,talek,35.20301468,-1.4419973
Den_of_Perfection,746689,9836798,talek,35.21710558,-1.475424134
Roadside_Den,746619,9836966,talek,35.21647527,-1.473905971
Banana_Tree_Communal_Den,740512,9859417,talek,35.16143318,-1.270985688
Fig_Tree_Den_2,736615,9840574,talek,35.12657671,-1.441374324
Sun_Den,741258,9840562,talek,35.16828588,-1.44144322
Wicked_Den,740636,9839896,talek,35.16270408,-1.447469721
Crocodile_Camp_Den,746008,9840226,talek,35.2109579,-1.444439518
Talek_Gate,745602,9840397,talek,35.20730937,-1.442897162
Waverly_Den,744929,9839296,talek,35.2012735,-1.452856687
Wayland_Den,745254,9839856,talek,35.20418805,-1.447791133
Alamo_Natal_Den,747851,9836348,talek,35.22754777,-1.479481805
Kitchen_Natal_Den,746684,9836802,talek,35.21706063,-1.475388018
T_Stop,745229,9837857,talek,35.20398105,-1.465863347
Kinda_See_Em_Den_Two,745085,9840608,talek,35.20266339,-1.440994142
Crocodile_Den,746043,9840060,talek,35.21127375,-1.445939928
Culvert_of_13_Lugga_South,747880,9835456,talek,35.22781634,-1.48754555
Main_Den_One_Creek_Crossing,747797,9836633,talek,35.22706012,-1.476905788
Riverbend_Den,748477,9838427,talek,35.23315236,-1.460681254
Teapot_Tree_Crossing,747432,9837579,talek,35.22377289,-1.46835688
Centre_Tree,747366,9838133,talek,35.22317508,-1.463349093
Lightning_Den,747326,9838572,talek,35.22281186,-1.459380716
Dion's_Natal_Den,747075,9837512,talek,35.2205666,-1.468965797
Landmark_Tree,748924,9838183,talek,35.23716984,-1.46288307
Rhino_Skull_Lugga_Crossing,746673,9837962,talek,35.21695147,-1.46490121
Stupid_Tree,746997,9836480,talek,35.21987518,-1.47829621
Teapot_Tree,747579,9837618,talek,35.22509302,-1.468002983
Pothole_Den,747622,9837700,talek,35.22547855,-1.467261284
Vulture_Crossing,747750,9837284,talek,35.22663208,-1.471020929
Century_Crossing,747636,9837248,talek,35.22560836,-1.471347411
"Saga_Lugga,_Bottom",746397,9838510,talek,35.21446733,-1.45994951
Box_Crossing,748090,9837837,talek,35.22968129,-1.466018541
Mystery_Spot,746175,9839389,talek,35.21246538,-1.452004918
Kilong_Crossing,745194,9840304,talek,35.20364517,-1.443741507
Aqua's_Natal_Den_2014,743212,9836350,talek,35.18587555,-1.479505449
Gardenia_Den,746979,9836020,talek,35.21971762,-1.482454965
Secluded_Den,747062,9837168,talek,35.2204529,-1.472075817
Yoplait_Den,741720,9836168,talek,35.17247425,-1.48116411
Roosevelt's_Natal_Den_2014,741941,9835865,talek,35.17446222,-1.483901481
DOC_Communal_Den,747634,9837096,talek,35.22559175,-1.472721568
Milkyway_Den,742848,9835677,talek,35.18261165,-1.485593044
Argon's_Natal_Den_2014,743021,9835986,talek,35.184163,-1.482797942
Maggie_Den,742990,9835692,talek,35.18388713,-1.485456166
Cash_Den,747481,9837043,talek,35.22421785,-1.47320209
Pole_not_Pole_Den,743572,9837544,talek,35.18909893,-1.468707755
Singizi_Den,747084,9835640,talek,35.22066426,-1.48588937
Handsome_H_Tree,743566,9837466,talek,35.18904572,-1.469412976
Lucky_Leopard_Den,742437,9836924,talek,35.17890855,-1.474323
Nook,747100,9835502,talek,35.22080923,-1.487136801
Pond_Lugga_Crossing,743070,9836024,talek,35.18460284,-1.48245396
Kinda_See_Em_Den_Three,745114,9840561,talek,35.2029243,-1.441418793
Lazy_French_Den,741547,9835066,talek,35.17092989,-1.491128512
Tangawizi_Den,741030,9836512,talek,35.1662728,-1.478060202
Latrine,744470,9835638,talek,35.19718265,-1.485931088
Three_Sisters,741492,9836298,talek,35.17042493,-1.479990837
Photogenic_Tree,742761,9836578,talek,35.18182214,-1.477448195
Nomadic_Den,741877,9835276,talek,35.1738925,-1.48922702
Sugar_Daddy_Den,742514,9835091,talek,35.17961647,-1.490893854
Candybar_Crossing,742442,9834986,talek,35.17897061,-1.491843768
Love_Stinks_Den,741286,9836630,talek,35.16857147,-1.476991137
Saga_Lugga,746095,9838250,talek,35.2117568,-1.462302721
No_Name_Hill_Tree,748044,9837449,talek,35.22927156,-1.469526615
"Stupid_Bushes,_Northwest_Edge",746431,9837129,talek,35.21478503,-1.472434069
Cheetah_Tree_Crossing,748565,9837620,talek,35.23395007,-1.467976011
