landmark_id,clan,Longitude,Latitude,
DOC_Den_2,talek,35.22618521,-1.473308596,
Disappointment_Den,happyzebra,34.99028212,-1.385954748,
Alumni_Den,happyzebra,34.96751155,-1.505118924,
Schiphol_Den,serenan,35.00819172,-1.402178373,
Grits_Den,serenan,35.0148214,-1.391168968,
Benedict_Den,serenan,35.01296089,-1.390139819,
Rocky_Point_Den,happyzebra,34.94307451,-1.422804306,
Bordello_Den,serenan,34.99059907,-1.378187599,
Flapjack_Den,serenan,35.0154672,-1.389947793,
Stanky_Watering_Hole,serenan,34.99373631,-1.380427312,
Mindy's_Den,serenan,34.99318081,-1.38222709,
DeGaulle_Den,serenan,35.0100869,-1.401688486,
Holy_Grail_Den,happyzebra,34.96911211,-1.445332545,
National_Cornchip_Day_Den,serenan,34.98129165,-1.378059784,
Lalalugga,serenan,35.01358778,-1.387806537,
Texarkana_Den,happyzebra,34.94470895,-1.421962013,
Ollivander's_Den,serenan,34.97027679,-1.36644112,
All_Hallows'_Eve_Den,serenan,34.9796353,-1.374055639,
Kruuk's_Culvert,serenan,35.01795491,-1.389005326,
The_Grotto,serenan,35.01064125,-1.387989894,
Lugga_Den_II,happyzebra,34.96508009,-1.405208074,
Wapi_Dave_Den,happyzebra,34.92853748,-1.378419842,
Lugga_Den,happyzebra,34.9651433,-1.405587781,
Runway_Den_3,serenan,35.00593988,-1.405833157,
Runway_Den,serenan,35.0047715,-1.405273582,
Airfield,serenan,35.01008044,-1.404645115,
Snowbird_Den,serenas,35.0235412,-1.439009526,
Dawn_Den,serenas,35.02360551,-1.44061887,
Dawn_Den_2,serenas,35.02462083,-1.440771669,
Foggy_Den,serenas,35.02185303,-1.439924234,
Armani_Den,happyzebra,34.93257922,-1.376987894,
Lilac_Breasted_Roller_Den,happyzebra,34.93104487,-1.379403385,
Foxy_Ditch_With_a_B,serenan,34.99989174,-1.4035237,
Oceanic_Den,serenas,35.02641457,-1.437325227,
Big_Sky_Den,serenas,35.02824649,-1.436428476,
Dudu_Den,serenas,35.02792436,-1.437893496,
Dudu_Den_2,serenas,35.02816661,-1.437531617,
Big_Bush_Communal_Den,serenas,35.22941485,-1.460006962,
Hanging_Gardens_Den,serenas,35.0202746,-1.432827985,
Library_of_Alexandria_Den,serenas,35.02122762,-1.433658966,
Jalapeno_Den,happyzebra,34.9617198,-1.40493966,
Super_Conspicuous_Bush,happyzebra,34.96417177,-1.40410573,
Challah_Den,happyzebra,34.95667897,-1.404066845,
Sleepy_Den,happyzebra,35.08176374,-1.437654846,
Nogales_Den,happyzebra,34.94375734,-1.422830854,
Innocent_Den,happyzebra,34.9577954,-1.406941244,
Hullabaloo_Den_2,happyzebra,34.94660859,-1.415956507,
Metropolitan_Tree,happyzebra,34.94391825,-1.421863221,
Tijuana_Den,happyzebra,34.94536587,-1.423236379,
Runway_Den_4,serenan,35.00580567,-1.406475233,
Twix_Den_2,serenas,35.03438042,-1.423900477,
Suzi_Den_III,serenas,35.03411162,-1.424714453,
Love_Shack_Mound,serenas,35.03482949,-1.423755414,
Biscuits_n'_Gravy_Den,serenan,35.00235448,-1.394280957,
Guava_Den,serenas,35.03045552,-1.42507032,
Muffin_Den,serenan,35.01311601,-1.392969721,
Boo_Tree,serenan,35.00112948,-1.390493528,
Unremarkable_Tree,serenan,35.00301771,-1.381739548,
IAT_Den,serenan,34.96246796,-1.364259408,
J_Fab_Den,serenan,34.96277361,-1.364503289,
The_Hatch_Den,serenas,35.04319013,-1.440357157,
Casino_X,serenas,35.04044759,-1.437583894,
Circe_Den,serenas,35.02106076,-1.438017164,
The_Staff_Den,serenas,35.04247291,-1.442030477,
Burning_Den,serenan,34.98892765,-1.388469508,
Superstar_Den,serenas,35.02093313,-1.446100466,
Lighthouse_Den,serenan,35.04205067,-1.442030859,
Superstar_Den_2,serenas,35.02035808,-1.446010566,
Def_Leppard_Crossing,serenas,35.04521537,-1.444704271,
Eyrie_Den,happyzebra,34.96769937,-1.411055961,
Eyrie_Den_2,happyzebra,34.96729533,-1.411345645,
Superstar_Den_3,serenas,35.02069027,-1.445766145,
Nchoko_Den,serenas,35.01998581,-1.451716151,
Nchoko_Den_2,serenas,35.01944707,-1.452051174,
Lone_Elephant_Den,serenas,35.02012831,-1.450314574,
Lone_Elephant_Den2,serenas,35.02111542,-1.449038822,
Lone_Elephant_Den_3,serenas,35.02092733,-1.449689986,
Lone_Elephant_Den_4,serenas,35.02065684,-1.448596195,
Lugga_Den_III,happyzebra,34.96463051,-1.404765401,
Lugga_Den_4,happyzebra,34.9648998,-1.404475832,
Buffalo_Den,happyzebra,34.97398184,-1.466296356,
Buffalo_Crossing,happyzebra,35.27310754,-1.469888944,
Saito's_Den_2,serenas,35.02159469,-1.442410903,
Mars_Den,serenas,35.00800991,-1.44128376,
Saito's_Den,serenas,35.02271728,-1.441957819,
Crunk_D4,serenan,34.96222414,-1.362722481,
Crunk_Den_8,serenan,34.96090413,-1.363501169,
Diagon_Alley_Den_II,serenan,34.95910654,-1.362526112,
Crunk_D3,serenan,34.9622602,-1.362876164,
Big_Sky_Den_2,serenas,35.0277795,-1.436627807,
Bird_Bath_Den,serenas,35.02525159,-1.432724104,
Lonely_Tube,serenas,35.023646,-1.435591714,
Changra_Den,serenan,34.96498192,-1.362349499,
Wild_Berry_Den,serenan,34.96624901,-1.36278247,
Judith_Den,serenan,34.96701261,-1.362745675,
The_Burrow_Den,serenan,34.97373584,-1.366736643,
Migration_Den_3,happyzebra,34.97569031,-1.467949497,
Migration_Den,happyzebra,34.97427867,-0.56353669,
Coincidence_Den_2,happyzebra,34.97352544,-1.468349263,
Coincidence_D,happyzebra,34.97304117,-1.46935334,
Migration_Den_4,happyzebra,34.97445907,-1.467507541,
Migration_Den_5,happyzebra,34.97346174,-1.46742705,
Grand_Theft_Auto_Den,happyzebra,34.95062597,-1.406883995,
Arson_Den,happyzebra,34.95310724,-1.408844014,
Bellagio_ND,serenas,35.03472585,-1.438674016,
Homicide_Den,happyzebra,34.95113967,-1.408809505,
FML_Den,serenas,35.02376256,-1.435338446,
Vandalism_Den,happyzebra,34.95260463,-1.409441208,
Rousseau_Den,serenas,35.02619093,-1.438410415,
Windsor_Den,happyzebra,34.9452401,-1.42325457,
Amazon_Den,happyzebra,34.97423663,-1.459713659,
Larceny_Den,happyzebra,34.95250882,-1.413067122,
Gettysburg_Den,happyzebra,34.97122311,-1.444987111,
LBJ_X,happyzebra,34.97835738,-1.445912176,
Schmuzty_Den,happyzebra,34.97912247,-1.44756616,
Schmuck_Den,happyzebra,34.98067651,-1.447302581,
Oy_Vey_Den,happyzebra,34.98711558,-1.444331206,
Mashugana_Den,happyzebra,34.98816495,-1.44228684,
Mashugana_Den_II,happyzebra,34.9879934,-1.441301437,
Bubula_Den,happyzebra,34.98210907,-1.441641146,
Gila_River_Den_II,happyzebra,34.94517789,-1.413308405,
Gila_River_Den,happyzebra,34.94410897,-1.413562483,
Gila_River_Den_III,happyzebra,34.94541109,-1.412838024,
Tigris_Den,happyzebra,34.97457087,-1.461802032,
Serena_Maji_Fisi,happyzebra,34.97130833,-1.460385344,
Inselberg_View,happyzebra,34.95074359,-1.460900713,
Goliath_Heron_Den,happyzebra,34.95136018,-1.457030207,
Cannibal_Cami_Den,happyzebra,34.96483392,-1.47443313,
Whooping_Cami_Den,happyzebra,34.9652565,-1.474794431,
Airstrip_Den,serenan,35.00838929,-1.402087786,
Redemption_Den,serenan,34.99973902,-1.403523831,
Holy_Grail_Den_II,happyzebra,34.96706408,-1.445777385,
Magic_Marsh,serenan,35.02091829,-1.387528995,
Uji_Den,serenan,35.00482226,-1.390987667,
Best_Friends_Forever_Water_Hole,serenan,35.01309915,-1.394271732,
Runway_Den_II,serenan,35.0058395,-1.404006823,
Wanderlust_Den,serenan,35.00039316,-1.401543133,
Maji_ya_Ndege,serenan,34.98559505,-1.356328733,
Twin_Culverts,serenan,34.94999885,-1.365128603,
Crunk_Den,serenan,34.96264654,-1.362912015,
Two_Term_Tree,serenan,34.97002824,-1.370121372,
Rainy_Day_D,serenan,35.00105865,-1.402347273,
Bakery_Den,serenan,35.00161668,-1.40354934,
Boone_Den,serenas,35.02671247,-1.438952443,
Claire_Den,serenas,35.02567039,-1.439007624,
Mr._Eko_Den,serenas,35.02484309,-1.438122289,
The_Abyss,serenas,35.02276663,-1.426550909,
Temple_of_Artemis_Den,serenas,35.02132791,-1.43532253,
Zeus_Den,serenas,35.02171547,-1.436750757,
Polar_Bear_Den,serenas,35.02539195,-1.439080205,
Jackson's_Hole_Den,serenas,35.0281301,-1.436880657,
Summit_Den,serenas,35.03912696,-1.437566998,
Airfield,serenas,35.01008044,-1.404645115,
Island_Den,serenas,35.02567822,-1.43770563,
Lost_Den,serenas,35.02471674,-1.437471408,
Pyramid_of_Giza,serenas,35.01951274,-1.434853981,
Sawyer_Den,serenas,35.02452858,-1.438050237,
Colossus_of_Rhodes_Den,serenas,35.02324902,-1.433675252,
Defenestrate_Den,serenas,35.02586035,-1.430273296,
Cripple_Tree,serenas,35.0420007,-1.426199272,
Pride_Rock,happyzebra,34.96309201,-1.455012642,
Reach_Out_and_Touch_Mound,serenan,34.9661598,-1.363569189,
Baobab_Tree,happyzebra,34.96005503,-1.465060887,
Whoopi_Tree,happyzebra,34.91670636,-1.42399295,
Summit_Den,happyzebra,35.03912696,-1.437566998,
Murram_Pit_Three,happyzebra,34.96656187,-1.477786138,
Fisi_Mingi_Luga,happyzebra,34.97016574,-1.47906687,
BobLobLog,happyzebra,34.96632095,-1.469431639,
Sausage_Tree,happyzebra,34.99447695,-1.478683342,
Euphrates_Den,happyzebra,34.97372671,-1.462218705,
Oodelali_Den,serenan,34.96244025,-1.363328113,
Sneaky_Rock,serenas,35.0278185,-1.429900852,
Moat_Den,serenas,35.01838391,-1.428182273,
Portcullis_Den,serenas,35.01726052,-1.427722144,
Monolith,serenas,35.03516448,-1.426702651,
Moonset_Den,happyzebra,34.98534501,-1.464098127,
Albatross_Den,serenan,34.96371538,-1.362594671,
Mango_Den,serenas,35.03323202,-1.425637471,
Kit_Kat_Den,serenas,35.03509037,-1.424153009,
Twix_Den,serenas,35.0343982,-1.423683465,
Meatloaf_Den,happyzebra,34.93453265,-1.414682709,
DeGaulle_Den_II,serenan,35.01024943,-1.402655803,
Blowin'_in_the_Wind_Tree,happyzebra,34.9873034,-1.401364473,
Rocky_Spot,happyzebra,35.0824125,-1.516900773,
Houdini_Den,happyzebra,34.94820376,-1.41112673,
Black_Bellied_Bustard_Bird_Junction,happyzebra,34.95868198,-1.414273511,
Sneaky_Hole,serenan,34.95868851,-1.356613021,
Ilvermorny_Den,serenan,34.97193955,-1.367343934,
Portkey_Junction,serenan,34.9715205,-1.371250371,
Kabbalah_Den,serenan,34.96307842,-1.36370735,
Bastion_Den,serenas,35.01930826,-1.427042213,
Turret_Den,serenas,35.02177019,-1.427428825,
Granualie_Gen,happyzebra,34.99002596,-1.433415226,
ARBA_Natal_Den,happyzebra,34.99102406,-1.434417989,
Cacophony_Den,happyzebra,34.94780087,-1.412799841,
Hullabaloo_Den,happyzebra,34.9478303,-1.415774634,
Uproar_Den,happyzebra,34.94828086,-1.417392771,
Clamor_Den,happyzebra,34.94947547,-1.417039121,
Hubbub_Den,happyzebra,34.94896158,-1.414896604,
Extortion_Den,happyzebra,34.95179845,-1.412317239,
Judith_Den2,serenan,34.96745313,-1.363125072,
Tiny_Violet_Princess_Den,happyzebra,34.94439473,-1.411464493,
Calexico_Den,happyzebra,34.94480778,-1.421970971,
Bran_Den,serenas,35.01677457,-1.426773202,
TSA_Den,serenas,35.01718238,-1.43083253,
Angry_Ele_Den,happyzebra,34.96401238,-1.406881733,
Ambush_Gardenia,happyzebra,34.96743577,-1.407403259,
Defenestrate_Den2,serenas,35.02666807,-1.429332255,
Ugli_Den,serenas,35.03394047,-1.424190197,
Suzi_Den_3,serenas,35.03411162,-1.424714453,
Angry_Ele_Den_2,happyzebra,34.96383291,-1.407135058,
Lugga_Den2,happyzebra,34.96491838,-1.405208211,
Lugga_Den_lll,happyzebra,34.96463051,-1.404765401,
Suzi_Den,serenas,35.03387778,-1.424407249,
Mango_Den_ll,serenas,35.03329544,-1.426243197,
Bberry_Den,serenas,35.03064106,-1.431751856,
Precipice_Den_ll,serenas,35.03144794,-1.429852414,
Precipice_Den,serenas,35.03182485,-1.429381918,
Rang_Natal_Den,serenas,35.03202066,-1.42730219,
Seatac_Den,serenan,35.00715947,-1.40323714,
Bright_Eyes_Den_ll,serenan,34.96175952,-1.365860411,
Bright_Eyes_Den,serenan,34.96314301,-1.365805023,
Diagon_Alley_ll,serenan,34.95910654,-1.362526112,
Diagon_Alley_Den,serenan,34.95881926,-1.362779522,
Gringotts_Den,serenan,34.96066768,-1.359956924,
Whomping_Willow_Den,serenan,34.96403092,-1.363959741,
Soda_Fountain_Den,serenan,34.96747411,-1.344580119,
Precipice_Den_III,serenas,35.03142971,-1.429554059,
Precipice_Den_II,serenas,35.03144794,-1.429852414,
Hipposhi_Tree,serenan,34.97949863,-1.349697054,
Crunk_Den_2,serenan,34.96248482,-1.362894064,
Comatose_Culvert,happyzebra,34.96016111,-1.431696062,
Mtafiti_Fisi_Good_Day_Den,happyzebra,34.95259572,-1.420273503,
Some_Freaky_Lions_Den,serenan,34.97516714,-1.370225615,
WAFL_Natal_Den,serenan,34.97032761,-1.362652529,
Culvert_City_Den,happyzebra,34.96084586,-1.423385938,
Dying_Cub_Culvert,happyzebra,34.96406976,-1.421701381,
Silk_Natal_Den,happyzebra,34.95198374,-1.38651127,
Oodelali_D2,serenan,34.96224267,-1.363409652,
Crunk_Den_II,serenan,34.96248482,-1.362894064,
Crunk_D5,serenan,34.96116399,-1.362669098,
Crunk_D7,serenan,34.96131626,-1.362108374,
Crunk_D6,serenan,34.96124468,-1.362461068,
TEDY_Natal_Den,serenan,34.96095652,-1.361629446,
Gringotts_Den_2,serenan,34.96104631,-1.361575121,
Solid_Bottom_Crossing,happyzebra,34.95263993,-1.386935698,
Ollivander's_Den_2,serenan,34.9700433,-1.366558857,
Log_Cabin's_Culvert,serenan,34.9869135,-1.439222774,
CERN_Den,happyzebra,34.97313847,-1.457327578,
Truck_Stop_D,happyzebra,34.96213037,-1.390870076,
Unremarkable_Den,serenan,35.00286434,-1.380962092,
Mag_Den,serenan,34.97153813,-1.348699915,
Gryffindor_Den,serenan,34.96980098,-1.344632482,
Slytherin_Den,serenan,34.97057635,-1.348067767,
Ravenclaw_Den,serenan,34.96824873,-1.347084096,
Hufflepuff_Den,serenan,34.96722372,-1.346027027,
Thug_Mansion_Den,serenan,34.96776335,-1.346768024,
Durmstrang_Den,serenan,34.9688507,-1.347137858,
Beauxbatons_Den,serenan,34.96813253,-1.347816584,
Hogshead_Den,serenan,34.9567874,-1.360954709,
Privet_Drive_Den,serenan,34.95789332,-1.362047882,
Chamber_of_Secrets_Den,serenan,34.95681513,-1.361913134,
3_Broomsticks_Den,serenan,34.95659882,-1.361054325,
South_Den,serenas,35.01660503,-1.428102471,
Railroad_Den,serenas,35.01703045,-1.431736826,
Phil's_Tree,serenas,35.01404489,-1.428421188,
Muddy_Waters,serenas,35.00889011,-1.430731354,
9km_Marker,happyzebra,34.95976276,-1.428106756,
Suzi_Den_II,serenas,35.03408411,-1.424072529,
Ice_Age_Den,serenas,35.04065428,-1.427502449,
Elm_Street_Den,serenas,35.03520758,-1.424641147,
Orchid_Den,serenas,35.02622698,-1.438546006,
Hydra_Den,serenas,35.02725151,-1.438961002,
Pearl_Den,serenas,35.02926281,-1.437720509,
Western_Front,serenas,35.01231567,-1.444037636,
Submarine_Den,serenas,35.02352333,-1.439118041,
Dharma_Den,serenas,35.02667649,-1.438898225,
Hurley_Den,serenas,35.02389169,-1.439144837,
Locke_Den,serenas,35.02353237,-1.439190366,
Hallelujah_Den,serenas,35.00489489,-1.433790963,
Egyptian_Goose,happyzebra,34.96200718,-1.447228497,
Rivendell_Den,serenas,35.01071626,-1.433496491,
Lighthouse_Den,serenas,35.04205067,-1.442030859,
Reese's_Den,serenas,35.03370697,-1.424280819,
Milky_Way_Den_Deleted,serenas,35.03401293,-1.424859205,
Heath_Den,serenas,35.03556903,-1.427027786,
Rock_Lobster,serenas,35.03193692,-1.424011145,
Kuni_Beach,serenas,35.05502337,-1.421965267,
Mr._Cluck's_Chicken_Shack_Den,serenas,35.0396241,-1.440984236,
Tailies_Den,serenas,35.03841347,-1.443444614,
Helsinki_Den,serenan,34.97403242,-1.344692334,
Oslo_Den,serenan,34.9736106,-1.345217106,
Stockholm_Den,serenan,34.97392434,-1.344348831,
Tallinn_Den,serenan,34.97398695,-1.344005189,
Copenhagen_Den,serenan,34.973816,-1.343679821,
Reykjavik_Den,serenan,34.97415721,-1.343462539,
Gothenburg_Den,serenan,34.97434622,-1.343896395,
Aarhus_Den,serenan,34.97618781,-1.343786393,
Serena_Camp,serenan,35.01671512,-1.399521801,
Moscow_Den,serenan,34.97670905,-1.344002973,
Mega_Junction,serenan,34.98397516,-1.341781799,
St_Petersburg_Den,serenan,34.9766921,-1.345268846,
Nyumba_Ndege_Den,serenan,35.01521385,-1.387823226,
Scrapple_Den,serenan,35.01419889,-1.388059179,
Crepes_Den,serenan,35.01538821,-1.392144977,
Frittata_Den,serenan,35.01216127,-1.390068172,
Pancake_Den,serenan,35.01260423,-1.393322785,
Chex_Den,serenan,35.01305166,-1.391242822,
Bergen_Den,serenan,34.97950224,-1.343042261,
Vaasa_Den,serenan,34.97892862,-1.344706427,
Kolding_Den,serenan,34.97953065,-1.344850605,
Little_Big_Horn_D,happyzebra,34.96923735,-1.444708546,
Salander_Den,serenan,34.97752221,-1.34973484,
Riga_Den,serenan,34.97830277,-1.34845026,
Rio_Grande_Den,happyzebra,34.94507766,-1.411626675,
Sweetgrass_Den,happyzebra,34.94449976,-1.408118858,
Sault_St._Marie_Den,happyzebra,34.94450834,-1.407630581,
Cocobeach_Den,happyzebra,34.94313389,-1.407794491,
Strasbourg_Den,happyzebra,34.94426616,-1.40810097,
Hit_and_Run_Den,happyzebra,34.94661632,-1.392727579,
Embezzlement_Den,happyzebra,34.94527792,-1.393018036,
Driving_under_the_Influence_Den,happyzebra,34.94719965,-1.391949482,
Alamo_Den,happyzebra,34.9692113,-1.445748385,
Burnt_Crossing,happyzebra,34.94106812,-1.430075805,
Juarez_Den,happyzebra,34.94472813,-1.423408719,
Krakow_Den,serenan,34.97650405,-1.346028515,
Malmö_Den,serenan,34.9788033,-1.345267123,
Guca_Den,serenan,34.98148962,-1.345463849,
Belgrade_Den,serenan,34.97580317,-1.345848249,
Budapest_Den,serenan,34.97526402,-1.345704019,
New_Queen's_Throne_Natal_Den,serenan,34.97499475,-1.346011662,
Emma_Natal_Den_2_2012,serenan,34.97484372,-1.381148447,
Emma_Natal_Den_2012,serenan,34.97517637,-1.381437508,
Merry_Christmas_Den,serenan,34.9749793,-1.382142938,
Kahana_Den,serenas,35.04306262,-1.438413355,
Nightmare_Den,serenas,35.04378133,-1.438412707,
Flashforward_Den,serenas,35.04358571,-1.440691334,
Java_House_Den,serenas,35.04336983,-1.440384119,
Oxytocin_Den,serenas,35.02163446,-1.436569997,
Mexicalli_Den,happyzebra,34.94364873,-1.421881533,
Happy_New_Year_Den,serenan,34.9756533,-1.382377462,
Pile-o-rocks_Crossing,serenan,34.98811632,-1.374319802,
Rhombush,serenan,34.98181839,-1.374053817,
Big_Bush_Communal_Den,talek,35.22941485,-1.460006962,
Big_Bush_Den,talek,35.22941485,-1.460006962,
Resurrection_Main_Den,talek,35.22395291,-1.459614631,
Lala_Den,talek,35.19822216,-1.437165263,
Green_Den,talek,35.06462639,-1.441476919,
Dicks_Den,talek,35.2233986,-1.471376751,
Fireworks_Den,talek,35.17486024,-1.440116966,
Den_One_Creek_Den_Complex,talek,35.22559175,-1.472721568,
Fig_Tree_Lugga_-_Top,talek,35.19159046,-1.444151024,
Flintstone_Den,talek,35.21989613,-1.472248143,
Tawny_Tree,talek,35.18480311,-1.438706094,
Daffy_Duck_Shrub,talek,35.22212446,-1.472824495,
Lone_Ranger_Natal_Den,talek,35.21993682,-1.477048569,
Man_Bush,talek,35.21036061,-1.467556628,
Leopard_Sex_Crossing,talek,35.22622142,-1.473588812,
Farmer's_Den,talek,35.15565554,-1.488368092,
Resurrection_Communal_Den,talek,35.22499526,-1.459957128,
Central_Park_Communal_Den,talek,35.21513698,-1.455790236,
Mountaineer_Den,talek,35.22026962,-1.459283799,
Cliff_Den,talek,35.21106749,-1.464726254,
Magic_Bush_Den,talek,35.21759211,-1.458653627,
Nimekufa_Kindani_Den,talek,35.1834808,-1.519530769,
Special_Den,talek,35.19292176,-1.519051031,
Doom's_Day_Den_2,talek,35.21898483,-1.459040983,
Cliff_Den_2,talek,35.21164254,-1.46487033,
Landscape_Den,talek,35.19888634,-1.500882458,
Landscape_Den_2,talek,35.20033263,-1.500880994,
Villa_Den,talek,35.19930003,-1.492338718,
Sayialel_Crossing,talek,35.21881352,-1.458390242,
Cool_Beans_Bush,talek,35.19980116,-1.490403536,
Villa_Den_2,talek,35.19915508,-1.491109349,
Confusing_Den,talek,35.19488624,-1.516219323,
Confusing_Den_2,talek,35.19593121,-1.519102198,
Confusing_Den_3,talek,35.19533062,-1.520377534,
Greenland_Den,talek,35.18971482,-1.510194509,
NUDI's_Den,talek,35.19376307,-1.515958292,
Dave_Den,talek,35.22430378,-1.469269429,
Dave's_Den,talek,35.22430378,-1.469269429,
Croton_Edge_Communal_Den,talek,35.21946496,-1.472257616,
NUDI's_Den_2,talek,35.19404193,-1.516337712,
Acacia_Den,talek,35.24121748,-1.459271925,
Aardwolf_Communal_Den,talek,35.20456323,-1.464117949,
Plantation_Den,talek,35.2135244,-1.451018463,
Olosogon_West_Bank_Natal_Den,talek,35.29095277,-1.484461118,
Fever_Tree_Natal_Den/Communal_Den_Complex,talek,35.27990659,-1.469158762,
Twin_Tree_Crossing,talek,35.28376896,-1.477860338,
Sunrise_Valley_Communal_Den/Natal_Den,talek,35.27849686,-1.469675493,
Maji_Fisi,talek,35.20208086,-1.460974298,
Dream_Camp,talek,35.21262157,-1.455584791,
Base_Natal_Den/Communal_Den,talek,35.21486818,-1.456486617,
Doom's_Day_Den,talek,35.22021591,-1.459473701,
Paradise_Den,talek,35.21431193,-1.475472138,
Aardvark_Road_Trees,talek,35.21597429,-1.475985777,
Magic_Culvert,talek,35.223239,-1.482514691,
Ranger_Den,talek,35.20442644,-1.443496651,
No_See_Em_Den,talek,35.2017544,-1.439205,
Alternate_Aardvark_Communal_Den,talek,35.21513623,-1.473310642,
Holiday_Communal_Den,talek,35.21545245,-1.475154579,
Tumo_Hill_Den,talek,35.27170123,-1.455968622,
FM_Den,talek,35.27277051,-1.456320101,
Over_the_River_Den,talek,35.27865922,-1.470344291,
Talek_Lugga_Crossing,talek,35.20279387,-1.445893985,
Boulevard_Den,talek,35.20177796,-1.45432076,
Kinda-See-Em_Den,talek,35.20301468,-1.4419973,
Den_of_Perfection,talek,35.21710558,-1.475424134,
Roadside_Den,talek,35.21647527,-1.473905971,
Banana_Tree_Communal_Den,talek,35.16143318,-1.270985688,
Fig_Tree_Den_2,talek,35.12657671,-1.441374324,
Sun_Den,talek,35.16828588,-1.44144322,
Wicked_Den,talek,35.16270408,-1.447469721,
Crocodile_Camp_Den,talek,35.2109579,-1.444439518,
Talek_Gate,talek,35.20730937,-1.442897162,
Waverly_Den,talek,35.2012735,-1.452856687,
Wayland_Den,talek,35.20418805,-1.447791133,
Alamo_Natal_Den,talek,35.22754777,-1.479481805,
Kitchen_Natal_Den,talek,35.21706063,-1.475388018,
T_Stop,talek,35.20398105,-1.465863347,
Kinda_See_Em_Den_Two,talek,35.20266339,-1.440994142,
Crocodile_Den,talek,35.21127375,-1.445939928,
Culvert_of_13_Lugga_South,talek,35.22781634,-1.48754555,
Main_Den_One_Creek_Crossing,talek,35.22706012,-1.476905788,
Riverbend_Den,talek,35.23315236,-1.460681254,
Teapot_Tree_Crossing,talek,35.22377289,-1.46835688,
Centre_Tree,talek,35.22317508,-1.463349093,
Lightning_Den,talek,35.22281186,-1.459380716,
Dion's_Natal_Den,talek,35.2205666,-1.468965797,
Landmark_Tree,talek,35.23716984,-1.46288307,
Rhino_Skull_Lugga_Crossing,talek,35.21695147,-1.46490121,
Stupid_Tree,talek,35.21987518,-1.47829621,
Teapot_Tree,talek,35.22509302,-1.468002983,
Pothole_Den,talek,35.22547855,-1.467261284,
Vulture_Crossing,talek,35.22663208,-1.471020929,
Century_Crossing,talek,35.22560836,-1.471347411,
"Saga_Lugga,_Bottom",talek,35.21446733,-1.45994951,
Box_Crossing,talek,35.22968129,-1.466018541,
Mystery_Spot,talek,35.21246538,-1.452004918,
Kilong_Crossing,talek,35.20364517,-1.443741507,
Aqua's_Natal_Den_2014,talek,35.18587555,-1.479505449,
Gardenia_Den,talek,35.21971762,-1.482454965,
Secluded_Den,talek,35.2204529,-1.472075817,
Yoplait_Den,talek,35.17247425,-1.48116411,
Roosevelt's_Natal_Den_2014,talek,35.17446222,-1.483901481,
DOC_Communal_Den,talek,35.22559175,-1.472721568,
Milkyway_Den,talek,35.18261165,-1.485593044,
Argon's_Natal_Den_2014,talek,35.184163,-1.482797942,
Maggie_Den,talek,35.18388713,-1.485456166,
Cash_Den,talek,35.22421785,-1.47320209,
Pole_not_Pole_Den,talek,35.18909893,-1.468707755,
Singizi_Den,talek,35.22066426,-1.48588937,
Handsome_H_Tree,talek,35.18904572,-1.469412976,
Lucky_Leopard_Den,talek,35.17890855,-1.474323,
Nook,talek,35.22080923,-1.487136801,
Pond_Lugga_Crossing,talek,35.18460284,-1.48245396,
Kinda_See_Em_Den_Three,talek,35.2029243,-1.441418793,
Lazy_French_Den,talek,35.17092989,-1.491128512,
Tangawizi_Den,talek,35.1662728,-1.478060202,
Latrine,talek,35.19718265,-1.485931088,
Three_Sisters,talek,35.17042493,-1.479990837,
Photogenic_Tree,talek,35.18182214,-1.477448195,
Nomadic_Den,talek,35.1738925,-1.48922702,
Sugar_Daddy_Den,talek,35.17961647,-1.490893854,
Candybar_Crossing,talek,35.17897061,-1.491843768,
Love_Stinks_Den,talek,35.16857147,-1.476991137,
Saga_Lugga,talek,35.2117568,-1.462302721,
No_Name_Hill_Tree,talek,35.22927156,-1.469526615,
"Stupid_Bushes,_Northwest_Edge",talek,35.21478503,-1.472434069,
Cheetah_Tree_Crossing,talek,35.23395007,-1.467976011,
